,Pred,Load,Persist,timestamp_update,timestamp
0,8.000168,0.0,0.0,2019-12-27,2019-12-27 00:00:00
1,7.451369,0.0,0.0,2019-12-27,2019-12-27 00:15:00
2,4.014046,0.0,0.0,2019-12-27,2019-12-27 00:30:00
3,1.4171511,0.0,0.0,2019-12-27,2019-12-27 00:45:00
4,1.2066066,0.0,0.0,2019-12-27,2019-12-27 01:00:00
5,0.576788,0.0,0.0,2019-12-27,2019-12-27 01:15:00
6,0.27587414,0.0,0.0,2019-12-27,2019-12-27 01:30:00
7,0.1681883,0.0,0.0,2019-12-27,2019-12-27 01:45:00
8,0.17755067,0.0,0.0,2019-12-27,2019-12-27 02:00:00
9,0.1600293,0.0,0.0,2019-12-27,2019-12-27 02:15:00
10,1.0044774,0.0,0.0,2019-12-27,2019-12-27 02:30:00
11,0.68215877,0.0,0.0,2019-12-27,2019-12-27 02:45:00
12,0.6761609,0.0,0.0,2019-12-27,2019-12-27 03:00:00
13,0.3082587,0.0,0.0,2019-12-27,2019-12-27 03:15:00
14,0.9307967,0.0,0.0,2019-12-27,2019-12-27 03:30:00
15,0.46449745,0.0,0.0,2019-12-27,2019-12-27 03:45:00
16,1.0781358,0.0,0.0,2019-12-27,2019-12-27 04:00:00
17,1.7241749,0.0,0.0,2019-12-27,2019-12-27 04:15:00
18,1.4511193,0.0,0.0,2019-12-27,2019-12-27 04:30:00
19,4.8492594,0.0,0.0,2019-12-27,2019-12-27 04:45:00
20,5.0180626,0.0,5.217123288,2019-12-27,2019-12-27 05:00:00
21,12.582853,0.0,15.29956332,2019-12-27,2019-12-27 05:15:00
22,23.537533,0.0,28.14873489,2019-12-27,2019-12-27 05:30:00
23,36.771408,41.55526316,36.2751939,2019-12-27,2019-12-27 05:45:00
24,65.977974,58.5,46.42205176,2019-12-27,2019-12-27 06:00:00
25,123.90176,110.0537525,47.20883646,2019-12-27,2019-12-27 06:15:00
26,239.94833,173.5982722,76.25459036,2019-12-27,2019-12-27 06:30:00
27,343.937,204.5153978,76.82279116,2019-12-27,2019-12-27 06:45:00
28,464.2068,251.3228127,70.50035938,2019-12-27,2019-12-27 07:00:00
29,570.5786,304.3306731,79.84446213,2019-12-27,2019-12-27 07:15:00
30,647.1871,388.1399649,92.00106367,2019-12-27,2019-12-27 07:30:00
31,675.60754,435.5850281,103.4767925,2019-12-27,2019-12-27 07:45:00
32,711.9186,470.3117431,107.0194035,2019-12-27,2019-12-27 08:00:00
33,724.00366,472.2292322,132.7622194,2019-12-27,2019-12-27 08:15:00
34,721.76654,533.1408233,157.2917734,2019-12-27,2019-12-27 08:30:00
35,716.767,543.7282784,166.4828953,2019-12-27,2019-12-27 08:45:00
36,715.84644,537.9919641,171.3017559,2019-12-27,2019-12-27 09:00:00
37,697.10425,554.6757216,170.079137,2019-12-27,2019-12-27 09:15:00
38,693.89044,590.6744373,152.670614,2019-12-27,2019-12-27 09:30:00
39,684.23706,625.6101917,160.8607991,2019-12-27,2019-12-27 09:45:00
40,674.59357,649.3226269,162.3110091,2019-12-27,2019-12-27 10:00:00
41,643.0835,618.1246155,159.8000529,2019-12-27,2019-12-27 10:15:00
42,589.8903,574.7511536,159.0782968,2019-12-27,2019-12-27 10:30:00
43,600.6058,577.6854113,151.1706977,2019-12-27,2019-12-27 10:45:00
44,578.2969,548.1821466,161.9738443,2019-12-27,2019-12-27 11:00:00
45,539.8585,499.6693858,165.6289119,2019-12-27,2019-12-27 11:15:00
46,525.81024,475.8359522,170.7555229,2019-12-27,2019-12-27 11:30:00
47,517.6431,394.2771304,168.7237118,2019-12-27,2019-12-27 11:45:00
48,506.0398,383.4129079,168.907844,2019-12-27,2019-12-27 12:00:00
49,475.09723,262.0886721,178.2290465,2019-12-27,2019-12-27 12:15:00
50,435.3639,286.4041033,202.0374487,2019-12-27,2019-12-27 12:30:00
51,417.84058,289.2610419,207.1893139,2019-12-27,2019-12-27 12:45:00
52,392.42856,239.3173555,204.8121868,2019-12-27,2019-12-27 13:00:00
53,366.2372,201.5277405,194.7335516,2019-12-27,2019-12-27 13:15:00
54,354.1948,196.4096286,168.0573835,2019-12-27,2019-12-27 13:30:00
55,333.85422,218.4182543,177.7591479,2019-12-27,2019-12-27 13:45:00
56,320.3143,240.4965136,174.9178331,2019-12-27,2019-12-27 14:00:00
57,308.8972,227.922403,191.6426068,2019-12-27,2019-12-27 14:15:00
58,293.1921,219.8027475,180.9266365,2019-12-27,2019-12-27 14:30:00
59,274.23245,190.8687187,163.9091905,2019-12-27,2019-12-27 14:45:00
60,275.4842,170.6280338,131.4143955,2019-12-27,2019-12-27 15:00:00
61,288.3671,174.085715,104.8210322,2019-12-27,2019-12-27 15:15:00
62,265.11633,143.0949941,102.3157895,2019-12-27,2019-12-27 15:30:00
63,268.0534,71.65329618,88.67594467,2019-12-27,2019-12-27 15:45:00
64,251.1592,48.22487062,17.67850877,2019-12-27,2019-12-27 16:00:00
65,256.79712,46.94659793,10.02227074,2019-12-27,2019-12-27 16:15:00
66,267.63257,46.40055351,6.752631579,2019-12-27,2019-12-27 16:30:00
67,247.99539,46.68630706,2.145374449,2019-12-27,2019-12-27 16:45:00
68,247.82167,46.78843369,0.0,2019-12-27,2019-12-27 17:00:00
69,216.49138,46.59014403,0.0,2019-12-27,2019-12-27 17:15:00
70,219.22313,46.25087719,0.0,2019-12-27,2019-12-27 17:30:00
71,172.30447,46.37165249,0.0,2019-12-27,2019-12-27 17:45:00
72,144.04411,15.96559286,0.0,2019-12-27,2019-12-27 18:00:00
73,116.43472,5.631877729,0.0,2019-12-27,2019-12-27 18:15:00
74,94.36271,0.0,0.0,2019-12-27,2019-12-27 18:30:00
75,73.487144,0.0,0.0,2019-12-27,2019-12-27 18:45:00
76,62.26163,0.0,0.0,2019-12-27,2019-12-27 19:00:00
77,52.54825,0.0,0.0,2019-12-27,2019-12-27 19:15:00
78,35.401302,0.0,0.0,2019-12-27,2019-12-27 19:30:00
79,37.090828,0.0,0.0,2019-12-27,2019-12-27 19:45:00
80,32.651455,0.0,0.0,2019-12-27,2019-12-27 20:00:00
81,24.100237,0.0,0.0,2019-12-27,2019-12-27 20:15:00
82,24.188503,0.0,0.0,2019-12-27,2019-12-27 20:30:00
83,17.745932,0.0,0.0,2019-12-27,2019-12-27 20:45:00
84,17.925314,0.0,0.0,2019-12-27,2019-12-27 21:00:00
85,10.368522,0.0,0.0,2019-12-27,2019-12-27 21:15:00
86,8.705153,0.0,0.0,2019-12-27,2019-12-27 21:30:00
87,8.966514,0.0,0.0,2019-12-27,2019-12-27 21:45:00
88,7.7218943,0.0,0.0,2019-12-27,2019-12-27 22:00:00
89,10.671212,0.0,0.0,2019-12-27,2019-12-27 22:15:00
90,7.97017,0.0,0.0,2019-12-27,2019-12-27 22:30:00
91,2.907147,0.0,0.0,2019-12-27,2019-12-27 22:45:00
92,5.514974,0.0,0.0,2019-12-27,2019-12-27 23:00:00
93,2.620918,0.0,0.0,2019-12-27,2019-12-27 23:15:00
94,3.478706,0.0,0.0,2019-12-27,2019-12-27 23:30:00
95,5.8043284,0.0,0.0,2019-12-27,2019-12-27 23:45:00
96,3.0112724,0.0,0.0,2019-12-30,2019-12-30 00:00:00
97,3.6770768,0.0,0.0,2019-12-30,2019-12-30 00:15:00
98,2.9469697,0.0,0.0,2019-12-30,2019-12-30 00:30:00
99,1.0243607,0.0,0.0,2019-12-30,2019-12-30 00:45:00
100,0.78794146,0.0,0.0,2019-12-30,2019-12-30 01:00:00
101,0.8663205,0.0,0.0,2019-12-30,2019-12-30 01:15:00
102,0.5338892,0.0,0.0,2019-12-30,2019-12-30 01:30:00
103,0.33746555,0.0,0.0,2019-12-30,2019-12-30 01:45:00
104,0.44504675,0.0,0.0,2019-12-30,2019-12-30 02:00:00
105,0.5793305,0.0,0.0,2019-12-30,2019-12-30 02:15:00
106,1.8711618,0.0,0.0,2019-12-30,2019-12-30 02:30:00
107,1.0803883,0.0,0.0,2019-12-30,2019-12-30 02:45:00
108,1.5803912,0.0,0.0,2019-12-30,2019-12-30 03:00:00
109,1.9146308,0.0,0.0,2019-12-30,2019-12-30 03:15:00
110,2.0059698,0.0,0.0,2019-12-30,2019-12-30 03:30:00
111,2.1789186,0.0,0.0,2019-12-30,2019-12-30 03:45:00
112,2.3800285,0.0,0.0,2019-12-30,2019-12-30 04:00:00
113,3.5702853,0.0,8.500478469,2019-12-30,2019-12-30 04:15:00
114,3.018901,0.0,16.54497817,2019-12-30,2019-12-30 04:30:00
115,5.2861295,0.0,16.60350877,2019-12-30,2019-12-30 04:45:00
116,6.435298,0.0,38.01404082,2019-12-30,2019-12-30 05:00:00
117,13.600429,0.286363636,62.48064047,2019-12-30,2019-12-30 05:15:00
118,21.151123,37.79066047,62.61403509,2019-12-30,2019-12-30 05:30:00
119,31.825974,97.36521264,94.99112988,2019-12-30,2019-12-30 05:45:00
120,72.09952,108.8833687,177.3426511,2019-12-30,2019-12-30 06:00:00
121,105.11163,162.553859,224.3250072,2019-12-30,2019-12-30 06:15:00
122,171.56487,204.7036154,289.3751805,2019-12-30,2019-12-30 06:30:00
123,243.85669,223.5112171,421.1475107,2019-12-30,2019-12-30 06:45:00
124,352.5237,300.8450722,549.0299565,2019-12-30,2019-12-30 07:00:00
125,428.45618,447.9528464,712.5986903,2019-12-30,2019-12-30 07:15:00
126,510.77286,677.1455338,712.222867,2019-12-30,2019-12-30 07:30:00
127,565.45764,724.8881654,714.8964746,2019-12-30,2019-12-30 07:45:00
128,602.15656,711.8308861,718.4045777,2019-12-30,2019-12-30 08:00:00
129,607.72595,747.1339507,708.6633458,2019-12-30,2019-12-30 08:15:00
130,631.89496,744.4200329,709.8587544,2019-12-30,2019-12-30 08:30:00
131,637.8137,730.3303286,705.299837,2019-12-30,2019-12-30 08:45:00
132,637.6146,708.1867004,703.5692153,2019-12-30,2019-12-30 09:00:00
133,634.8656,696.0059731,662.3440701,2019-12-30,2019-12-30 09:15:00
134,616.85004,686.5090453,654.6981907,2019-12-30,2019-12-30 09:30:00
135,592.8432,693.0490963,648.3343745,2019-12-30,2019-12-30 09:45:00
136,582.93317,661.2142414,605.3614376,2019-12-30,2019-12-30 10:00:00
137,537.3128,665.0395704,609.0587243,2019-12-30,2019-12-30 10:15:00
138,525.49255,670.0859356,580.5755501,2019-12-30,2019-12-30 10:30:00
139,494.38632,671.9512796,548.8011244,2019-12-30,2019-12-30 10:45:00
140,466.6676,634.9964968,463.7958973,2019-12-30,2019-12-30 11:00:00
141,432.1971,644.3202281,401.0609682,2019-12-30,2019-12-30 11:15:00
142,407.49698,604.6420699,393.3349758,2019-12-30,2019-12-30 11:30:00
143,391.76883,584.5467274,439.4041712,2019-12-30,2019-12-30 11:45:00
144,368.77853,558.1072057,469.4434735,2019-12-30,2019-12-30 12:00:00
145,347.79178,536.696046,461.4036188,2019-12-30,2019-12-30 12:15:00
146,312.59735,477.3921406,392.4576452,2019-12-30,2019-12-30 12:30:00
147,306.74332,441.8179705,356.5232847,2019-12-30,2019-12-30 12:45:00
148,287.25412,479.4385125,343.8225435,2019-12-30,2019-12-30 13:00:00
149,268.20926,478.4071657,326.8987796,2019-12-30,2019-12-30 13:15:00
150,250.55914,508.0322232,356.8026039,2019-12-30,2019-12-30 13:30:00
151,244.24727,583.3767264,387.5031711,2019-12-30,2019-12-30 13:45:00
152,233.51453,573.7675146,349.8425479,2019-12-30,2019-12-30 14:00:00
153,211.57706,567.718397,377.6536168,2019-12-30,2019-12-30 14:15:00
154,207.19122,527.7189273,392.9204796,2019-12-30,2019-12-30 14:30:00
155,194.22453,487.2298011,392.462443,2019-12-30,2019-12-30 14:45:00
156,179.09404,457.0948444,409.6733156,2019-12-30,2019-12-30 15:00:00
157,178.08281,356.1815656,441.712892,2019-12-30,2019-12-30 15:15:00
158,179.63698,332.9272085,457.406449,2019-12-30,2019-12-30 15:30:00
159,166.70288,319.6614033,483.399469,2019-12-30,2019-12-30 15:45:00
160,154.99135,315.5380512,455.0980123,2019-12-30,2019-12-30 16:00:00
161,152.74371,286.2990088,454.1495033,2019-12-30,2019-12-30 16:15:00
162,149.43001,248.8499752,459.0336185,2019-12-30,2019-12-30 16:30:00
163,133.19832,162.4847507,424.1055441,2019-12-30,2019-12-30 16:45:00
164,122.68548,151.9368366,374.327808,2019-12-30,2019-12-30 17:00:00
165,122.537735,101.5491218,359.0421474,2019-12-30,2019-12-30 17:15:00
166,107.43154,77.88717153,225.5547968,2019-12-30,2019-12-30 17:30:00
167,104.02861,77.79848812,201.317822,2019-12-30,2019-12-30 17:45:00
168,83.666115,74.37381713,152.1345361,2019-12-30,2019-12-30 18:00:00
169,74.25079,78.80678197,115.1921224,2019-12-30,2019-12-30 18:15:00
170,59.716476,77.9481939,89.52008857,2019-12-30,2019-12-30 18:30:00
171,50.03544,42.24736842,93.04169572,2019-12-30,2019-12-30 18:45:00
172,42.64642,0.804824561,90.76861358,2019-12-30,2019-12-30 19:00:00
173,36.354813,0.495196507,90.53539446,2019-12-30,2019-12-30 19:15:00
174,28.78029,0.486842105,67.04062585,2019-12-30,2019-12-30 19:30:00
175,22.405813,0.492105263,61.50047577,2019-12-30,2019-12-30 19:45:00
176,18.722553,0.487878788,62.28859462,2019-12-30,2019-12-30 20:00:00
177,12.6608925,30.09781659,31.21714286,2019-12-30,2019-12-30 20:15:00
178,11.805722,31.18689956,0.0,2019-12-30,2019-12-30 20:30:00
179,10.33791,30.71315789,0.0,2019-12-30,2019-12-30 20:45:00
180,8.724851,30.38777293,0.0,2019-12-30,2019-12-30 21:00:00
181,9.91447,30.04078947,0.0,2019-12-30,2019-12-30 21:15:00
182,7.821996,30.2995614,0.0,2019-12-30,2019-12-30 21:30:00
183,7.552375,30.56391304,0.0,2019-12-30,2019-12-30 21:45:00
184,5.836917,31.15720524,0.0,2019-12-30,2019-12-30 22:00:00
185,6.1490126,16.13886463,0.0,2019-12-30,2019-12-30 22:15:00
186,6.0259047,0.0,0.0,2019-12-30,2019-12-30 22:30:00
187,5.345079,0.0,0.0,2019-12-30,2019-12-30 22:45:00
188,5.542551,0.0,0.0,2019-12-30,2019-12-30 23:00:00
189,4.78742,0.0,0.0,2019-12-30,2019-12-30 23:15:00
190,4.2642207,0.0,0.0,2019-12-30,2019-12-30 23:30:00
191,3.251202,0.0,0.0,2019-12-30,2019-12-30 23:45:00
192,4.409692,0.0,0.0,2019-12-31,2019-12-31 00:00:00
193,5.388227,0.0,0.0,2019-12-31,2019-12-31 00:15:00
194,3.5858023,0.0,0.0,2019-12-31,2019-12-31 00:30:00
195,0.9832407,0.0,0.0,2019-12-31,2019-12-31 00:45:00
196,0.88748217,0.0,0.0,2019-12-31,2019-12-31 01:00:00
197,0.6491353,0.0,0.0,2019-12-31,2019-12-31 01:15:00
198,0.31682655,0.0,0.0,2019-12-31,2019-12-31 01:30:00
199,0.19141284,0.0,0.0,2019-12-31,2019-12-31 01:45:00
200,0.19116442,0.0,0.0,2019-12-31,2019-12-31 02:00:00
201,0.2401017,0.0,0.0,2019-12-31,2019-12-31 02:15:00
202,1.0580122,0.0,0.0,2019-12-31,2019-12-31 02:30:00
203,0.6987207,0.0,0.0,2019-12-31,2019-12-31 02:45:00
204,0.69424593,0.0,0.0,2019-12-31,2019-12-31 03:00:00
205,0.4690986,0.0,0.0,2019-12-31,2019-12-31 03:15:00
206,0.7636841,0.0,0.0,2019-12-31,2019-12-31 03:30:00
207,0.5666965,0.0,0.0,2019-12-31,2019-12-31 03:45:00
208,0.96491474,0.0,0.0,2019-12-31,2019-12-31 04:00:00
209,1.2074611,0.0,8.500478469,2019-12-31,2019-12-31 04:15:00
210,1.0715834,0.0,16.54497817,2019-12-31,2019-12-31 04:30:00
211,2.4559803,0.0,16.60350877,2019-12-31,2019-12-31 04:45:00
212,3.3869793,0.0,38.01404082,2019-12-31,2019-12-31 05:00:00
213,5.6820765,0.0,62.48064047,2019-12-31,2019-12-31 05:15:00
214,11.348077,4.603478261,62.61403509,2019-12-31,2019-12-31 05:30:00
215,18.67103,43.68948201,94.99112988,2019-12-31,2019-12-31 05:45:00
216,37.186737,64.12405577,177.3426511,2019-12-31,2019-12-31 06:00:00
217,72.52419,126.3497804,224.3250072,2019-12-31,2019-12-31 06:15:00
218,127.72301,203.0621058,289.3751805,2019-12-31,2019-12-31 06:30:00
219,198.48247,230.4098222,421.1475107,2019-12-31,2019-12-31 06:45:00
220,321.81198,243.0542123,549.0299565,2019-12-31,2019-12-31 07:00:00
221,444.64972,345.4865605,712.5986903,2019-12-31,2019-12-31 07:15:00
222,529.25934,390.1283569,712.222867,2019-12-31,2019-12-31 07:30:00
223,588.5372,420.2413698,714.8964746,2019-12-31,2019-12-31 07:45:00
224,640.673,429.1264076,718.4045777,2019-12-31,2019-12-31 08:00:00
225,668.87384,456.5463876,708.6633458,2019-12-31,2019-12-31 08:15:00
226,693.09235,461.8257737,709.8587544,2019-12-31,2019-12-31 08:30:00
227,692.12067,525.0861839,705.299837,2019-12-31,2019-12-31 08:45:00
228,694.0189,555.509282,703.5692153,2019-12-31,2019-12-31 09:00:00
229,687.907,541.5209799,662.3440701,2019-12-31,2019-12-31 09:15:00
230,669.42426,586.3311082,654.6981907,2019-12-31,2019-12-31 09:30:00
231,662.6585,590.3961391,648.3343745,2019-12-31,2019-12-31 09:45:00
232,645.5152,582.4841464,605.3614376,2019-12-31,2019-12-31 10:00:00
233,621.0485,558.1901594,609.0587243,2019-12-31,2019-12-31 10:15:00
234,605.6413,534.1032608,580.5755501,2019-12-31,2019-12-31 10:30:00
235,572.1179,561.8311374,548.8011244,2019-12-31,2019-12-31 10:45:00
236,548.8592,491.8835168,463.7958973,2019-12-31,2019-12-31 11:00:00
237,526.7368,430.5795612,401.0609682,2019-12-31,2019-12-31 11:15:00
238,496.3426,400.0830804,393.3349758,2019-12-31,2019-12-31 11:30:00
239,470.58676,333.4591863,439.4041712,2019-12-31,2019-12-31 11:45:00
240,466.99597,311.7238222,469.4434735,2019-12-31,2019-12-31 12:00:00
241,425.38815,293.7019662,461.4036188,2019-12-31,2019-12-31 12:15:00
242,398.57336,265.0038957,392.4576452,2019-12-31,2019-12-31 12:30:00
243,394.09137,230.9970411,356.5232847,2019-12-31,2019-12-31 12:45:00
244,388.66818,216.9233173,343.8225435,2019-12-31,2019-12-31 13:00:00
245,348.27274,261.0682626,326.8987796,2019-12-31,2019-12-31 13:15:00
246,331.79227,249.5682205,356.8026039,2019-12-31,2019-12-31 13:30:00
247,298.33618,195.2003691,387.5031711,2019-12-31,2019-12-31 13:45:00
248,297.37305,184.7988316,349.8425479,2019-12-31,2019-12-31 14:00:00
249,277.93124,185.9743465,377.6536168,2019-12-31,2019-12-31 14:15:00
250,257.90503,167.3964936,392.9204796,2019-12-31,2019-12-31 14:30:00
251,256.91705,164.7918482,392.462443,2019-12-31,2019-12-31 14:45:00
252,249.08418,84.47953499,409.6733156,2019-12-31,2019-12-31 15:00:00
253,244.50676,74.30098062,441.712892,2019-12-31,2019-12-31 15:15:00
254,251.6495,71.70566384,457.406449,2019-12-31,2019-12-31 15:30:00
255,234.79362,75.89093886,483.399469,2019-12-31,2019-12-31 15:45:00
256,241.79726,60.69333333,455.0980123,2019-12-31,2019-12-31 16:00:00
257,240.69128,42.72368421,454.1495033,2019-12-31,2019-12-31 16:15:00
258,225.80782,46.40306443,459.0336185,2019-12-31,2019-12-31 16:30:00
259,226.68613,42.38294353,424.1055441,2019-12-31,2019-12-31 16:45:00
260,211.55257,45.46754386,374.327808,2019-12-31,2019-12-31 17:00:00
261,188.23795,45.28552057,359.0421474,2019-12-31,2019-12-31 17:15:00
262,176.83998,45.07053144,225.5547968,2019-12-31,2019-12-31 17:30:00
263,147.99356,15.63259912,201.317822,2019-12-31,2019-12-31 17:45:00
264,129.68283,15.63289474,152.1345361,2019-12-31,2019-12-31 18:00:00
265,106.53418,15.61798246,115.1921224,2019-12-31,2019-12-31 18:15:00
266,90.91213,3.172368421,89.52008857,2019-12-31,2019-12-31 18:30:00
267,62.653084,0.546052632,93.04169572,2019-12-31,2019-12-31 18:45:00
268,56.5913,0.241048035,90.76861358,2019-12-31,2019-12-31 19:00:00
269,44.49671,0.0,90.53539446,2019-12-31,2019-12-31 19:15:00
270,38.991592,0.0,67.04062585,2019-12-31,2019-12-31 19:30:00
271,29.599012,0.0,61.50047577,2019-12-31,2019-12-31 19:45:00
272,20.535995,0.0,62.28859462,2019-12-31,2019-12-31 20:00:00
273,18.004154,0.0,31.21714286,2019-12-31,2019-12-31 20:15:00
274,15.832329,0.0,0.0,2019-12-31,2019-12-31 20:30:00
275,13.151195,0.0,0.0,2019-12-31,2019-12-31 20:45:00
276,10.611627,0.0,0.0,2019-12-31,2019-12-31 21:00:00
277,8.727834,0.0,0.0,2019-12-31,2019-12-31 21:15:00
278,7.260228,0.0,0.0,2019-12-31,2019-12-31 21:30:00
279,7.731626,0.0,0.0,2019-12-31,2019-12-31 21:45:00
280,6.8449836,0.0,0.0,2019-12-31,2019-12-31 22:00:00
281,8.405613,0.0,0.0,2019-12-31,2019-12-31 22:15:00
282,7.103864,0.0,0.0,2019-12-31,2019-12-31 22:30:00
283,5.5041833,0.0,0.0,2019-12-31,2019-12-31 22:45:00
284,6.145849,0.0,0.0,2019-12-31,2019-12-31 23:00:00
285,4.0645347,0.0,0.0,2019-12-31,2019-12-31 23:15:00
286,4.5979614,0.0,0.0,2019-12-31,2019-12-31 23:30:00
287,4.807776,0.0,0.0,2019-12-31,2019-12-31 23:45:00
288,3.1098351,0.0,0.0,2020-01-01,2020-01-01 00:00:00
289,3.6286435,0.0,0.0,2020-01-01,2020-01-01 00:15:00
290,2.7090383,0.0,0.0,2020-01-01,2020-01-01 00:30:00
291,1.0616343,0.0,0.0,2020-01-01,2020-01-01 00:45:00
292,0.8458903,0.0,0.0,2020-01-01,2020-01-01 01:00:00
293,0.91329086,0.0,0.0,2020-01-01,2020-01-01 01:15:00
294,0.40005997,0.0,0.0,2020-01-01,2020-01-01 01:30:00
295,0.3132714,0.0,0.0,2020-01-01,2020-01-01 01:45:00
296,0.3349474,0.0,0.0,2020-01-01,2020-01-01 02:00:00
297,0.45907876,0.0,0.0,2020-01-01,2020-01-01 02:15:00
298,1.4480838,0.0,0.0,2020-01-01,2020-01-01 02:30:00
299,1.2142357,0.0,0.0,2020-01-01,2020-01-01 02:45:00
300,1.4069791,0.0,0.0,2020-01-01,2020-01-01 03:00:00
301,1.4437432,0.0,0.0,2020-01-01,2020-01-01 03:15:00
302,1.6583129,0.0,0.0,2020-01-01,2020-01-01 03:30:00
303,1.8767016,0.0,0.0,2020-01-01,2020-01-01 03:45:00
304,2.2301197,0.0,0.0,2020-01-01,2020-01-01 04:00:00
305,3.0890684,0.0,8.500478469,2020-01-01,2020-01-01 04:15:00
306,3.330826,0.0,16.54497817,2020-01-01,2020-01-01 04:30:00
307,6.210568,0.0,16.60350877,2020-01-01,2020-01-01 04:45:00
308,9.102978,0.0,38.01404082,2020-01-01,2020-01-01 05:00:00
309,15.025031,0.0,62.48064047,2020-01-01,2020-01-01 05:15:00
310,27.532549,4.603478261,62.61403509,2020-01-01,2020-01-01 05:30:00
311,46.6651,43.68948201,94.99112988,2020-01-01,2020-01-01 05:45:00
312,89.88473,64.12405577,177.3426511,2020-01-01,2020-01-01 06:00:00
313,150.99419,126.3497804,224.3250072,2020-01-01,2020-01-01 06:15:00
314,241.65091,203.0621058,289.3751805,2020-01-01,2020-01-01 06:30:00
315,319.8429,230.4098222,421.1475107,2020-01-01,2020-01-01 06:45:00
316,432.5227,243.0542123,549.0299565,2020-01-01,2020-01-01 07:00:00
317,531.1838,345.4865605,712.5986903,2020-01-01,2020-01-01 07:15:00
318,580.8808,390.1283569,712.222867,2020-01-01,2020-01-01 07:30:00
319,619.01996,420.2413698,714.8964746,2020-01-01,2020-01-01 07:45:00
320,640.63983,429.1264076,718.4045777,2020-01-01,2020-01-01 08:00:00
321,661.3019,456.5463876,708.6633458,2020-01-01,2020-01-01 08:15:00
322,678.50507,461.8257737,709.8587544,2020-01-01,2020-01-01 08:30:00
323,672.13995,525.0861839,705.299837,2020-01-01,2020-01-01 08:45:00
324,668.9559,555.509282,703.5692153,2020-01-01,2020-01-01 09:00:00
325,654.11993,541.5209799,662.3440701,2020-01-01,2020-01-01 09:15:00
326,632.62933,586.3311082,654.6981907,2020-01-01,2020-01-01 09:30:00
327,623.52686,590.3961391,648.3343745,2020-01-01,2020-01-01 09:45:00
328,597.8471,582.4841464,605.3614376,2020-01-01,2020-01-01 10:00:00
329,561.8134,558.1901594,609.0587243,2020-01-01,2020-01-01 10:15:00
330,561.8013,534.1032608,580.5755501,2020-01-01,2020-01-01 10:30:00
331,530.14087,561.8311374,548.8011244,2020-01-01,2020-01-01 10:45:00
332,505.22797,491.8835168,463.7958973,2020-01-01,2020-01-01 11:00:00
333,478.10168,430.5795612,401.0609682,2020-01-01,2020-01-01 11:15:00
334,454.37463,400.0830804,393.3349758,2020-01-01,2020-01-01 11:30:00
335,423.54318,333.4591863,439.4041712,2020-01-01,2020-01-01 11:45:00
336,409.16348,311.7238222,469.4434735,2020-01-01,2020-01-01 12:00:00
337,378.02914,293.7019662,461.4036188,2020-01-01,2020-01-01 12:15:00
338,362.27823,265.0038957,392.4576452,2020-01-01,2020-01-01 12:30:00
339,337.51736,230.9970411,356.5232847,2020-01-01,2020-01-01 12:45:00
340,323.59537,216.9233173,343.8225435,2020-01-01,2020-01-01 13:00:00
341,310.42056,261.0682626,326.8987796,2020-01-01,2020-01-01 13:15:00
342,290.02008,249.5682205,356.8026039,2020-01-01,2020-01-01 13:30:00
343,263.01807,195.2003691,387.5031711,2020-01-01,2020-01-01 13:45:00
344,266.96967,184.7988316,349.8425479,2020-01-01,2020-01-01 14:00:00
345,242.4453,185.9743465,377.6536168,2020-01-01,2020-01-01 14:15:00
346,229.54405,167.3964936,392.9204796,2020-01-01,2020-01-01 14:30:00
347,228.32349,164.7918482,392.462443,2020-01-01,2020-01-01 14:45:00
348,232.96564,84.47953499,409.6733156,2020-01-01,2020-01-01 15:00:00
349,219.71562,74.30098062,441.712892,2020-01-01,2020-01-01 15:15:00
350,234.16354,71.70566384,457.406449,2020-01-01,2020-01-01 15:30:00
351,206.49178,75.89093886,483.399469,2020-01-01,2020-01-01 15:45:00
352,215.41264,60.69333333,455.0980123,2020-01-01,2020-01-01 16:00:00
353,205.06248,42.72368421,454.1495033,2020-01-01,2020-01-01 16:15:00
354,187.57326,46.40306443,459.0336185,2020-01-01,2020-01-01 16:30:00
355,180.7916,42.38294353,424.1055441,2020-01-01,2020-01-01 16:45:00
356,168.49858,45.46754386,374.327808,2020-01-01,2020-01-01 17:00:00
357,137.07893,45.28552057,359.0421474,2020-01-01,2020-01-01 17:15:00
358,124.723656,45.07053144,225.5547968,2020-01-01,2020-01-01 17:30:00
359,107.07614,15.63259912,201.317822,2020-01-01,2020-01-01 17:45:00
360,80.231705,15.63289474,152.1345361,2020-01-01,2020-01-01 18:00:00
361,66.543755,15.61798246,115.1921224,2020-01-01,2020-01-01 18:15:00
362,60.161137,3.172368421,89.52008857,2020-01-01,2020-01-01 18:30:00
363,40.866444,0.546052632,93.04169572,2020-01-01,2020-01-01 18:45:00
364,38.36048,0.241048035,90.76861358,2020-01-01,2020-01-01 19:00:00
365,29.207037,0.0,90.53539446,2020-01-01,2020-01-01 19:15:00
366,27.054815,0.0,67.04062585,2020-01-01,2020-01-01 19:30:00
367,18.924898,0.0,61.50047577,2020-01-01,2020-01-01 19:45:00
368,15.033079,0.0,62.28859462,2020-01-01,2020-01-01 20:00:00
369,11.8734255,0.0,31.21714286,2020-01-01,2020-01-01 20:15:00
370,10.46077,0.0,0.0,2020-01-01,2020-01-01 20:30:00
371,10.401586,0.0,0.0,2020-01-01,2020-01-01 20:45:00
372,7.5301495,0.0,0.0,2020-01-01,2020-01-01 21:00:00
373,7.6900635,0.0,0.0,2020-01-01,2020-01-01 21:15:00
374,5.9642572,0.0,0.0,2020-01-01,2020-01-01 21:30:00
375,7.109931,0.0,0.0,2020-01-01,2020-01-01 21:45:00
376,5.993536,0.0,0.0,2020-01-01,2020-01-01 22:00:00
377,6.486632,0.0,0.0,2020-01-01,2020-01-01 22:15:00
378,5.8636303,0.0,0.0,2020-01-01,2020-01-01 22:30:00
379,6.036128,0.0,0.0,2020-01-01,2020-01-01 22:45:00
380,5.7768717,0.0,0.0,2020-01-01,2020-01-01 23:00:00
381,4.9466124,0.0,0.0,2020-01-01,2020-01-01 23:15:00
382,5.0595345,0.0,0.0,2020-01-01,2020-01-01 23:30:00
383,3.9609194,0.0,0.0,2020-01-01,2020-01-01 23:45:00
384,2.965031,0.0,0.0,2020-01-02,2020-01-02 00:00:00
385,3.6157703,0.0,0.0,2020-01-02,2020-01-02 00:15:00
386,2.683943,0.0,0.0,2020-01-02,2020-01-02 00:30:00
387,0.97760844,0.0,0.0,2020-01-02,2020-01-02 00:45:00
388,0.76558876,0.0,0.0,2020-01-02,2020-01-02 01:00:00
389,0.8067258,0.0,0.0,2020-01-02,2020-01-02 01:15:00
390,0.39861223,0.0,0.0,2020-01-02,2020-01-02 01:30:00
391,0.29454455,0.0,0.0,2020-01-02,2020-01-02 01:45:00
392,0.30879354,0.0,0.0,2020-01-02,2020-01-02 02:00:00
393,0.43682152,0.0,0.0,2020-01-02,2020-01-02 02:15:00
394,1.3374023,0.0,0.0,2020-01-02,2020-01-02 02:30:00
395,1.0329441,0.0,0.0,2020-01-02,2020-01-02 02:45:00
396,1.2466774,0.0,0.0,2020-01-02,2020-01-02 03:00:00
397,1.3590586,0.0,0.0,2020-01-02,2020-01-02 03:15:00
398,1.4524564,0.0,0.0,2020-01-02,2020-01-02 03:30:00
399,1.564798,0.0,0.0,2020-01-02,2020-01-02 03:45:00
400,1.8916178,0.0,0.0,2020-01-02,2020-01-02 04:00:00
401,2.8195753,0.0,8.500478469,2020-01-02,2020-01-02 04:15:00
402,2.6642666,0.0,16.54497817,2020-01-02,2020-01-02 04:30:00
403,4.9321423,0.0,16.60350877,2020-01-02,2020-01-02 04:45:00
404,6.954763,2.748148148,38.01404082,2020-01-02,2020-01-02 05:00:00
405,12.383876,31.07280702,62.48064047,2020-01-02,2020-01-02 05:15:00
406,23.519135,40.14451635,62.61403509,2020-01-02,2020-01-02 05:30:00
407,36.33804,61.40714587,94.99112988,2020-01-02,2020-01-02 05:45:00
408,78.172806,116.4401352,177.3426511,2020-01-02,2020-01-02 06:00:00
409,126.1292,190.5246415,224.3250072,2020-01-02,2020-01-02 06:15:00
410,203.62674,237.3603658,289.3751805,2020-01-02,2020-01-02 06:30:00
411,278.43912,251.405085,421.1475107,2020-01-02,2020-01-02 06:45:00
412,393.59515,249.3077761,549.0299565,2020-01-02,2020-01-02 07:00:00
413,491.93018,278.3982615,712.5986903,2020-01-02,2020-01-02 07:15:00
414,548.4502,361.9530018,712.222867,2020-01-02,2020-01-02 07:30:00
415,590.56226,455.3863637,714.8964746,2020-01-02,2020-01-02 07:45:00
416,616.80347,471.5122898,718.4045777,2020-01-02,2020-01-02 08:00:00
417,639.04407,466.4276424,708.6633458,2020-01-02,2020-01-02 08:15:00
418,660.0822,579.5561175,709.8587544,2020-01-02,2020-01-02 08:30:00
419,654.9489,676.8421318,705.299837,2020-01-02,2020-01-02 08:45:00
420,655.53156,680.3126365,703.5692153,2020-01-02,2020-01-02 09:00:00
421,644.7599,659.035927,662.3440701,2020-01-02,2020-01-02 09:15:00
422,614.6998,627.0750847,654.6981907,2020-01-02,2020-01-02 09:30:00
423,606.51636,619.5600158,648.3343745,2020-01-02,2020-01-02 09:45:00
424,584.093,603.3475362,605.3614376,2020-01-02,2020-01-02 10:00:00
425,545.46643,551.1756451,609.0587243,2020-01-02,2020-01-02 10:15:00
426,547.77234,539.7142055,580.5755501,2020-01-02,2020-01-02 10:30:00
427,507.9325,564.6062641,548.8011244,2020-01-02,2020-01-02 10:45:00
428,484.7764,618.157291,463.7958973,2020-01-02,2020-01-02 11:00:00
429,459.19186,601.4271564,401.0609682,2020-01-02,2020-01-02 11:15:00
430,428.6855,591.6950805,393.3349758,2020-01-02,2020-01-02 11:30:00
431,412.79623,552.6632757,439.4041712,2020-01-02,2020-01-02 11:45:00
432,402.17142,564.0780174,469.4434735,2020-01-02,2020-01-02 12:00:00
433,361.54324,477.1413925,461.4036188,2020-01-02,2020-01-02 12:15:00
434,344.5823,397.6489926,392.4576452,2020-01-02,2020-01-02 12:30:00
435,335.9931,310.0428648,356.5232847,2020-01-02,2020-01-02 12:45:00
436,326.47638,312.9659487,343.8225435,2020-01-02,2020-01-02 13:00:00
437,301.30972,299.3342338,326.8987796,2020-01-02,2020-01-02 13:15:00
438,283.2692,296.9890481,356.8026039,2020-01-02,2020-01-02 13:30:00
439,258.80334,287.8466478,387.5031711,2020-01-02,2020-01-02 13:45:00
440,261.89407,243.9601482,349.8425479,2020-01-02,2020-01-02 14:00:00
441,241.70872,225.1111193,377.6536168,2020-01-02,2020-01-02 14:15:00
442,228.95471,201.0652208,392.9204796,2020-01-02,2020-01-02 14:30:00
443,223.40569,230.1648079,392.462443,2020-01-02,2020-01-02 14:45:00
444,227.44281,214.5343482,409.6733156,2020-01-02,2020-01-02 15:00:00
445,212.43515,228.1296133,441.712892,2020-01-02,2020-01-02 15:15:00
446,221.62648,197.8165178,457.406449,2020-01-02,2020-01-02 15:30:00
447,202.02507,190.70392,483.399469,2020-01-02,2020-01-02 15:45:00
448,205.86935,182.8260484,455.0980123,2020-01-02,2020-01-02 16:00:00
449,197.04836,167.1574969,454.1495033,2020-01-02,2020-01-02 16:15:00
450,178.92883,149.4985793,459.0336185,2020-01-02,2020-01-02 16:30:00
451,173.13033,161.0150183,424.1055441,2020-01-02,2020-01-02 16:45:00
452,157.71922,122.9753543,374.327808,2020-01-02,2020-01-02 17:00:00
453,135.13335,122.9169669,359.0421474,2020-01-02,2020-01-02 17:15:00
454,125.17067,122.870367,225.5547968,2020-01-02,2020-01-02 17:30:00
455,110.76084,123.215721,201.317822,2020-01-02,2020-01-02 17:45:00
456,84.2369,133.2814822,152.1345361,2020-01-02,2020-01-02 18:00:00
457,73.48537,116.2395875,115.1921224,2020-01-02,2020-01-02 18:15:00
458,63.488953,51.58553474,89.52008857,2020-01-02,2020-01-02 18:30:00
459,44.156002,16.08374129,93.04169572,2020-01-02,2020-01-02 18:45:00
460,40.972656,15.69561404,90.76861358,2020-01-02,2020-01-02 19:00:00
461,31.626795,15.65482456,90.53539446,2020-01-02,2020-01-02 19:15:00
462,27.836052,15.63464912,67.04062585,2020-01-02,2020-01-02 19:30:00
463,19.989481,5.667248908,61.50047577,2020-01-02,2020-01-02 19:45:00
464,15.353845,0.0,62.28859462,2020-01-02,2020-01-02 20:00:00
465,12.046203,0.0,31.21714286,2020-01-02,2020-01-02 20:15:00
466,10.9135475,0.0,0.0,2020-01-02,2020-01-02 20:30:00
467,10.608902,0.0,0.0,2020-01-02,2020-01-02 20:45:00
468,7.86062,0.0,0.0,2020-01-02,2020-01-02 21:00:00
469,8.295392,0.0,0.0,2020-01-02,2020-01-02 21:15:00
470,6.36873,0.0,0.0,2020-01-02,2020-01-02 21:30:00
471,7.415377,0.0,0.0,2020-01-02,2020-01-02 21:45:00
472,5.8639216,0.0,0.0,2020-01-02,2020-01-02 22:00:00
473,6.5081396,0.0,0.0,2020-01-02,2020-01-02 22:15:00
474,5.863869,0.0,0.0,2020-01-02,2020-01-02 22:30:00
475,6.400016,0.0,0.0,2020-01-02,2020-01-02 22:45:00
476,5.6815443,0.0,0.0,2020-01-02,2020-01-02 23:00:00
477,4.869192,0.0,0.0,2020-01-02,2020-01-02 23:15:00
478,4.9699383,0.0,0.0,2020-01-02,2020-01-02 23:30:00
479,3.9015236,0.0,0.0,2020-01-02,2020-01-02 23:45:00
480,3.612104,0.0,0.0,2020-01-06,2020-01-06 00:00:00
481,2.750434,0.0,0.0,2020-01-06,2020-01-06 00:15:00
482,2.385656,0.0,0.0,2020-01-06,2020-01-06 00:30:00
483,0.98145926,0.0,0.0,2020-01-06,2020-01-06 00:45:00
484,0.747849,0.0,0.0,2020-01-06,2020-01-06 01:00:00
485,0.76143914,0.0,0.0,2020-01-06,2020-01-06 01:15:00
486,0.29081884,0.0,0.0,2020-01-06,2020-01-06 01:30:00
487,0.24536061,0.0,0.0,2020-01-06,2020-01-06 01:45:00
488,0.26580358,0.0,0.0,2020-01-06,2020-01-06 02:00:00
489,0.3346814,0.0,0.0,2020-01-06,2020-01-06 02:15:00
490,1.5038109,0.0,0.0,2020-01-06,2020-01-06 02:30:00
491,1.2161015,0.0,0.0,2020-01-06,2020-01-06 02:45:00
492,1.2562712,0.0,0.0,2020-01-06,2020-01-06 03:00:00
493,1.0255916,0.0,0.0,2020-01-06,2020-01-06 03:15:00
494,1.9445894,0.0,0.0,2020-01-06,2020-01-06 03:30:00
495,1.743158,0.0,0.0,2020-01-06,2020-01-06 03:45:00
496,2.3628721,0.0,0.0,2020-01-06,2020-01-06 04:00:00
497,3.8084168,0.0,0.0,2020-01-06,2020-01-06 04:15:00
498,4.543559,14.50048544,0.0,2020-01-06,2020-01-06 04:30:00
499,8.432172,53.99916453,0.0,2020-01-06,2020-01-06 04:45:00
500,11.751444,74.92807018,0.0,2020-01-06,2020-01-06 05:00:00
501,24.901527,74.26004175,0.286363636,2020-01-06,2020-01-06 05:15:00
502,42.603573,83.03151156,37.79066047,2020-01-06,2020-01-06 05:30:00
503,72.08587,144.0955295,97.36521264,2020-01-06,2020-01-06 05:45:00
504,148.62103,188.9875564,108.8833687,2020-01-06,2020-01-06 06:00:00
505,247.29488,259.9315072,162.553859,2020-01-06,2020-01-06 06:15:00
506,362.79834,436.7343107,204.7036154,2020-01-06,2020-01-06 06:30:00
507,457.65082,565.6312738,223.5112171,2020-01-06,2020-01-06 06:45:00
508,559.5131,676.4330546,300.8450722,2020-01-06,2020-01-06 07:00:00
509,616.3186,719.3669854,447.9528464,2020-01-06,2020-01-06 07:15:00
510,669.0767,725.0295581,677.1455338,2020-01-06,2020-01-06 07:30:00
511,690.77716,724.2319065,724.8881654,2020-01-06,2020-01-06 07:45:00
512,713.14856,719.2239739,711.8308861,2020-01-06,2020-01-06 08:00:00
513,713.89215,701.777207,747.1339507,2020-01-06,2020-01-06 08:15:00
514,723.2344,714.1652672,744.4200329,2020-01-06,2020-01-06 08:30:00
515,716.0416,724.279089,730.3303286,2020-01-06,2020-01-06 08:45:00
516,706.6799,720.5837646,708.1867004,2020-01-06,2020-01-06 09:00:00
517,683.9797,711.8246461,696.0059731,2020-01-06,2020-01-06 09:15:00
518,672.9057,710.3863112,686.5090453,2020-01-06,2020-01-06 09:30:00
519,643.2825,687.480779,693.0490963,2020-01-06,2020-01-06 09:45:00
520,633.2635,629.2074493,661.2142414,2020-01-06,2020-01-06 10:00:00
521,593.5389,564.6532036,665.0395704,2020-01-06,2020-01-06 10:15:00
522,583.64404,558.1674904,670.0859356,2020-01-06,2020-01-06 10:30:00
523,538.36096,522.5722749,671.9512796,2020-01-06,2020-01-06 10:45:00
524,506.34814,518.1971944,634.9964968,2020-01-06,2020-01-06 11:00:00
525,470.96777,488.6148723,644.3202281,2020-01-06,2020-01-06 11:15:00
526,470.36453,448.8201621,604.6420699,2020-01-06,2020-01-06 11:30:00
527,414.90134,490.454643,584.5467274,2020-01-06,2020-01-06 11:45:00
528,415.81116,517.0097852,558.1072057,2020-01-06,2020-01-06 12:00:00
529,377.99695,514.0621751,536.696046,2020-01-06,2020-01-06 12:15:00
530,358.25894,486.8115974,477.3921406,2020-01-06,2020-01-06 12:30:00
531,352.17227,494.2373188,441.8179705,2020-01-06,2020-01-06 12:45:00
532,324.3676,499.2422947,479.4385125,2020-01-06,2020-01-06 13:00:00
533,314.73752,488.9849434,478.4071657,2020-01-06,2020-01-06 13:15:00
534,275.3385,454.1717999,508.0322232,2020-01-06,2020-01-06 13:30:00
535,288.65414,469.5497419,583.3767264,2020-01-06,2020-01-06 13:45:00
536,271.80957,474.207493,573.7675146,2020-01-06,2020-01-06 14:00:00
537,240.99495,425.3883683,567.718397,2020-01-06,2020-01-06 14:15:00
538,219.69656,410.1875523,527.7189273,2020-01-06,2020-01-06 14:30:00
539,231.67238,421.9626143,487.2298011,2020-01-06,2020-01-06 14:45:00
540,210.74509,383.3650057,457.0948444,2020-01-06,2020-01-06 15:00:00
541,213.00877,364.0950332,356.1815656,2020-01-06,2020-01-06 15:15:00
542,221.04811,344.1689045,332.9272085,2020-01-06,2020-01-06 15:30:00
543,218.45583,327.2714187,319.6614033,2020-01-06,2020-01-06 15:45:00
544,199.17453,311.2776333,315.5380512,2020-01-06,2020-01-06 16:00:00
545,196.23016,360.7819803,286.2990088,2020-01-06,2020-01-06 16:15:00
546,187.10072,361.6389254,248.8499752,2020-01-06,2020-01-06 16:30:00
547,172.7031,322.2400872,162.4847507,2020-01-06,2020-01-06 16:45:00
548,140.3803,309.2758486,151.9368366,2020-01-06,2020-01-06 17:00:00
549,149.32799,266.7372211,101.5491218,2020-01-06,2020-01-06 17:15:00
550,118.56886,177.843268,77.88717153,2020-01-06,2020-01-06 17:30:00
551,106.347496,146.8433112,77.79848812,2020-01-06,2020-01-06 17:45:00
552,89.25012,90.62943618,74.37381713,2020-01-06,2020-01-06 18:00:00
553,75.20835,89.6632293,78.80678197,2020-01-06,2020-01-06 18:15:00
554,59.034035,60.33173715,77.9481939,2020-01-06,2020-01-06 18:30:00
555,49.52573,45.41135804,42.24736842,2020-01-06,2020-01-06 18:45:00
556,38.118862,39.09911899,0.804824561,2020-01-06,2020-01-06 19:00:00
557,31.113205,15.42969432,0.495196507,2020-01-06,2020-01-06 19:15:00
558,22.483374,15.41535088,0.486842105,2020-01-06,2020-01-06 19:30:00
559,19.977968,15.39122807,0.492105263,2020-01-06,2020-01-06 19:45:00
560,14.135609,15.36768559,0.487878788,2020-01-06,2020-01-06 20:00:00
561,10.666781,15.34298246,30.09781659,2020-01-06,2020-01-06 20:15:00
562,11.155391,7.881659389,31.18689956,2020-01-06,2020-01-06 20:30:00
563,8.269873,0.99254386,30.71315789,2020-01-06,2020-01-06 20:45:00
564,6.6566515,0.0,30.38777293,2020-01-06,2020-01-06 21:00:00
565,5.695639,11.67719298,30.04078947,2020-01-06,2020-01-06 21:15:00
566,4.037079,15.86491228,30.2995614,2020-01-06,2020-01-06 21:30:00
567,4.8435597,15.88515284,30.56391304,2020-01-06,2020-01-06 21:45:00
568,3.6069643,15.70789474,31.15720524,2020-01-06,2020-01-06 22:00:00
569,4.3799267,14.30349345,16.13886463,2020-01-06,2020-01-06 22:15:00
570,4.2127585,1.682894737,0.0,2020-01-06,2020-01-06 22:30:00
571,2.527059,0.501315789,0.0,2020-01-06,2020-01-06 22:45:00
572,4.457473,0.5,0.0,2020-01-06,2020-01-06 23:00:00
573,2.256044,0.5,0.0,2020-01-06,2020-01-06 23:15:00
574,2.9375038,0.5,0.0,2020-01-06,2020-01-06 23:30:00
575,2.447792,0.500434783,0.0,2020-01-06,2020-01-06 23:45:00
576,6.512353,0.500438596,0.0,2020-01-07,2020-01-07 00:00:00
577,5.5958676,0.500436681,0.0,2020-01-07,2020-01-07 00:15:00
578,3.4846675,0.500438596,0.0,2020-01-07,2020-01-07 00:30:00
579,1.3782388,0.500438596,0.0,2020-01-07,2020-01-07 00:45:00
580,1.1802797,0.283406114,0.0,2020-01-07,2020-01-07 01:00:00
581,0.61574113,0.0,0.0,2020-01-07,2020-01-07 01:15:00
582,0.28509614,0.0,0.0,2020-01-07,2020-01-07 01:30:00
583,0.18364763,0.0,0.0,2020-01-07,2020-01-07 01:45:00
584,0.16755287,0.0,0.0,2020-01-07,2020-01-07 02:00:00
585,0.18046148,0.0,0.0,2020-01-07,2020-01-07 02:15:00
586,0.94855165,0.0,0.0,2020-01-07,2020-01-07 02:30:00
587,0.797564,0.0,0.0,2020-01-07,2020-01-07 02:45:00
588,0.69621795,0.0,0.0,2020-01-07,2020-01-07 03:00:00
589,0.3561951,0.0,0.0,2020-01-07,2020-01-07 03:15:00
590,1.0012202,0.0,0.0,2020-01-07,2020-01-07 03:30:00
591,0.5913267,0.0,0.0,2020-01-07,2020-01-07 03:45:00
592,1.4137274,0.0,0.0,2020-01-07,2020-01-07 04:00:00
593,1.8787909,0.0,0.0,2020-01-07,2020-01-07 04:15:00
594,2.0067444,0.0,0.0,2020-01-07,2020-01-07 04:30:00
595,5.7208605,22.7806867,0.0,2020-01-07,2020-01-07 04:45:00
596,7.4689302,44.40325999,0.0,2020-01-07,2020-01-07 05:00:00
597,14.6964655,62.165316,0.0,2020-01-07,2020-01-07 05:15:00
598,28.932844,82.96531741,4.603478261,2020-01-07,2020-01-07 05:30:00
599,51.04833,158.8021459,43.68948201,2020-01-07,2020-01-07 05:45:00
600,86.31065,228.4471359,64.12405577,2020-01-07,2020-01-07 06:00:00
601,169.75888,283.3993719,126.3497804,2020-01-07,2020-01-07 06:15:00
602,287.59967,433.1532177,203.0621058,2020-01-07,2020-01-07 06:30:00
603,392.00378,605.0128905,230.4098222,2020-01-07,2020-01-07 06:45:00
604,498.77167,671.0175508,243.0542123,2020-01-07,2020-01-07 07:00:00
605,603.73914,707.7110966,345.4865605,2020-01-07,2020-01-07 07:15:00
606,651.8688,721.3669396,390.1283569,2020-01-07,2020-01-07 07:30:00
607,683.97095,704.5090865,420.2413698,2020-01-07,2020-01-07 07:45:00
608,708.37244,717.7398986,429.1264076,2020-01-07,2020-01-07 08:00:00
609,724.3282,722.4016491,456.5463876,2020-01-07,2020-01-07 08:15:00
610,727.96545,728.5044138,461.8257737,2020-01-07,2020-01-07 08:30:00
611,722.3345,718.0279444,525.0861839,2020-01-07,2020-01-07 08:45:00
612,714.74927,710.4511297,555.509282,2020-01-07,2020-01-07 09:00:00
613,699.58636,675.3443315,541.5209799,2020-01-07,2020-01-07 09:15:00
614,689.1692,669.4206778,586.3311082,2020-01-07,2020-01-07 09:30:00
615,679.2575,590.3091545,590.3961391,2020-01-07,2020-01-07 09:45:00
616,655.3911,561.7193544,582.4841464,2020-01-07,2020-01-07 10:00:00
617,625.79236,530.2189101,558.1901594,2020-01-07,2020-01-07 10:15:00
618,599.7773,503.8198401,534.1032608,2020-01-07,2020-01-07 10:30:00
619,580.48676,499.1099228,561.8311374,2020-01-07,2020-01-07 10:45:00
620,557.7804,469.9899959,491.8835168,2020-01-07,2020-01-07 11:00:00
621,542.8081,422.5864428,430.5795612,2020-01-07,2020-01-07 11:15:00
622,507.0936,391.9577668,400.0830804,2020-01-07,2020-01-07 11:30:00
623,487.7775,371.4886613,333.4591863,2020-01-07,2020-01-07 11:45:00
624,476.52103,361.840592,311.7238222,2020-01-07,2020-01-07 12:00:00
625,451.10254,351.2728094,293.7019662,2020-01-07,2020-01-07 12:15:00
626,405.21793,373.2529509,265.0038957,2020-01-07,2020-01-07 12:30:00
627,396.3026,400.7145709,230.9970411,2020-01-07,2020-01-07 12:45:00
628,397.92267,377.8225891,216.9233173,2020-01-07,2020-01-07 13:00:00
629,366.39935,313.8386605,261.0682626,2020-01-07,2020-01-07 13:15:00
630,363.06085,252.3946114,249.5682205,2020-01-07,2020-01-07 13:30:00
631,330.6624,234.5410833,195.2003691,2020-01-07,2020-01-07 13:45:00
632,320.46716,227.1252115,184.7988316,2020-01-07,2020-01-07 14:00:00
633,305.0294,240.0430621,185.9743465,2020-01-07,2020-01-07 14:15:00
634,283.29654,247.0674044,167.3964936,2020-01-07,2020-01-07 14:30:00
635,295.26602,227.3328433,164.7918482,2020-01-07,2020-01-07 14:45:00
636,284.87445,231.0920037,84.47953499,2020-01-07,2020-01-07 15:00:00
637,293.53336,233.8136093,74.30098062,2020-01-07,2020-01-07 15:15:00
638,297.54813,252.0027725,71.70566384,2020-01-07,2020-01-07 15:30:00
639,272.11206,329.6498318,75.89093886,2020-01-07,2020-01-07 15:45:00
640,280.98798,333.1865302,60.69333333,2020-01-07,2020-01-07 16:00:00
641,275.16904,344.6178207,42.72368421,2020-01-07,2020-01-07 16:15:00
642,279.64243,298.0282805,46.40306443,2020-01-07,2020-01-07 16:30:00
643,270.02753,314.7154828,42.38294353,2020-01-07,2020-01-07 16:45:00
644,256.59613,269.3677567,45.46754386,2020-01-07,2020-01-07 17:00:00
645,212.48843,268.1446937,45.28552057,2020-01-07,2020-01-07 17:15:00
646,196.78972,227.8155872,45.07053144,2020-01-07,2020-01-07 17:30:00
647,148.95416,175.5473665,15.63259912,2020-01-07,2020-01-07 17:45:00
648,132.80324,166.6791695,15.63289474,2020-01-07,2020-01-07 18:00:00
649,99.19364,156.1243354,15.61798246,2020-01-07,2020-01-07 18:15:00
650,81.02312,139.469371,3.172368421,2020-01-07,2020-01-07 18:30:00
651,56.762653,77.5116027,0.546052632,2020-01-07,2020-01-07 18:45:00
652,47.628815,74.02230639,0.241048035,2020-01-07,2020-01-07 19:00:00
653,39.916058,44.00930821,0.0,2020-01-07,2020-01-07 19:15:00
654,32.470127,31.44210526,0.0,2020-01-07,2020-01-07 19:30:00
655,28.730455,30.70524017,0.0,2020-01-07,2020-01-07 19:45:00
656,21.799364,38.92648043,0.0,2020-01-07,2020-01-07 20:00:00
657,20.415716,26.19078947,0.0,2020-01-07,2020-01-07 20:15:00
658,18.898281,30.61266376,0.0,2020-01-07,2020-01-07 20:30:00
659,14.497002,30.1877193,0.0,2020-01-07,2020-01-07 20:45:00
660,13.593646,30.24605263,0.0,2020-01-07,2020-01-07 21:00:00
661,8.086516,48.44343446,0.0,2020-01-07,2020-01-07 21:15:00
662,6.789733,62.20361556,0.0,2020-01-07,2020-01-07 21:30:00
663,7.319401,62.1584923,0.0,2020-01-07,2020-01-07 21:45:00
664,6.689461,40.38396154,0.0,2020-01-07,2020-01-07 22:00:00
665,8.466197,27.77137823,0.0,2020-01-07,2020-01-07 22:15:00
666,6.858941,10.25583756,0.0,2020-01-07,2020-01-07 22:30:00
667,3.2308853,0.6,0.0,2020-01-07,2020-01-07 22:45:00
668,5.415426,0.6,0.0,2020-01-07,2020-01-07 23:00:00
669,2.6155992,0.6,0.0,2020-01-07,2020-01-07 23:15:00
670,3.7897885,0.6,0.0,2020-01-07,2020-01-07 23:30:00
671,4.5761,0.0,0.0,2020-01-07,2020-01-07 23:45:00
672,6.287579,0.0,0.0,2020-01-08,2020-01-08 00:00:00
673,4.5726347,0.0,0.0,2020-01-08,2020-01-08 00:15:00
674,3.3220987,0.0,0.0,2020-01-08,2020-01-08 00:30:00
675,2.1310236,0.0,0.0,2020-01-08,2020-01-08 00:45:00
676,1.5203001,0.0,0.0,2020-01-08,2020-01-08 01:00:00
677,1.0741655,0.0,0.0,2020-01-08,2020-01-08 01:15:00
678,0.5223396,0.0,0.0,2020-01-08,2020-01-08 01:30:00
679,0.41815335,0.0,0.0,2020-01-08,2020-01-08 01:45:00
680,0.38879594,0.0,0.0,2020-01-08,2020-01-08 02:00:00
681,0.5127411,0.0,0.0,2020-01-08,2020-01-08 02:15:00
682,1.9069252,0.0,0.0,2020-01-08,2020-01-08 02:30:00
683,1.7179543,0.0,0.0,2020-01-08,2020-01-08 02:45:00
684,1.8291994,0.0,0.0,2020-01-08,2020-01-08 03:00:00
685,1.3049833,0.0,0.0,2020-01-08,2020-01-08 03:15:00
686,2.586916,0.0,0.0,2020-01-08,2020-01-08 03:30:00
687,2.215167,0.0,0.0,2020-01-08,2020-01-08 03:45:00
688,3.7723744,0.0,0.0,2020-01-08,2020-01-08 04:00:00
689,5.7608857,0.0,0.0,2020-01-08,2020-01-08 04:15:00
690,7.160727,2.222641509,0.0,2020-01-08,2020-01-08 04:30:00
691,16.153658,30.8030837,0.0,2020-01-08,2020-01-08 04:45:00
692,22.789944,29.65263765,0.0,2020-01-08,2020-01-08 05:00:00
693,42.403408,47.8007086,0.0,2020-01-08,2020-01-08 05:15:00
694,73.43536,68.23892686,4.603478261,2020-01-08,2020-01-08 05:30:00
695,125.93903,122.8917909,43.68948201,2020-01-08,2020-01-08 05:45:00
696,207.20111,187.8988569,64.12405577,2020-01-08,2020-01-08 06:00:00
697,313.94995,219.5605078,126.3497804,2020-01-08,2020-01-08 06:15:00
698,442.4588,326.3597495,203.0621058,2020-01-08,2020-01-08 06:30:00
699,527.9849,420.4723055,230.4098222,2020-01-08,2020-01-08 06:45:00
700,593.8978,555.1860944,243.0542123,2020-01-08,2020-01-08 07:00:00
701,655.49365,690.3985864,345.4865605,2020-01-08,2020-01-08 07:15:00
702,682.9232,718.739431,390.1283569,2020-01-08,2020-01-08 07:30:00
703,697.0533,711.1900441,420.2413698,2020-01-08,2020-01-08 07:45:00
704,703.6041,717.5006554,429.1264076,2020-01-08,2020-01-08 08:00:00
705,717.6383,711.5604978,456.5463876,2020-01-08,2020-01-08 08:15:00
706,715.1007,715.5391185,461.8257737,2020-01-08,2020-01-08 08:30:00
707,707.5223,716.9525626,525.0861839,2020-01-08,2020-01-08 08:45:00
708,691.703,714.6388189,555.509282,2020-01-08,2020-01-08 09:00:00
709,670.9527,704.3482426,541.5209799,2020-01-08,2020-01-08 09:15:00
710,659.13684,663.498745,586.3311082,2020-01-08,2020-01-08 09:30:00
711,641.94855,640.266133,590.3961391,2020-01-08,2020-01-08 09:45:00
712,617.5782,636.6218752,582.4841464,2020-01-08,2020-01-08 10:00:00
713,586.2725,627.1276168,558.1901594,2020-01-08,2020-01-08 10:15:00
714,551.7369,605.9453244,534.1032608,2020-01-08,2020-01-08 10:30:00
715,546.48065,631.5380867,561.8311374,2020-01-08,2020-01-08 10:45:00
716,536.7321,567.7322949,491.8835168,2020-01-08,2020-01-08 11:00:00
717,506.81726,528.3619502,430.5795612,2020-01-08,2020-01-08 11:15:00
718,472.66843,440.3270294,400.0830804,2020-01-08,2020-01-08 11:30:00
719,466.21802,448.1350371,333.4591863,2020-01-08,2020-01-08 11:45:00
720,454.51895,452.1632451,311.7238222,2020-01-08,2020-01-08 12:00:00
721,425.54614,454.6653131,293.7019662,2020-01-08,2020-01-08 12:15:00
722,397.88486,459.8256098,265.0038957,2020-01-08,2020-01-08 12:30:00
723,369.05557,437.7707321,230.9970411,2020-01-08,2020-01-08 12:45:00
724,361.60205,501.4777275,216.9233173,2020-01-08,2020-01-08 13:00:00
725,338.03912,459.3815587,261.0682626,2020-01-08,2020-01-08 13:15:00
726,342.70398,421.7114905,249.5682205,2020-01-08,2020-01-08 13:30:00
727,307.55038,364.096537,195.2003691,2020-01-08,2020-01-08 13:45:00
728,313.88583,343.3928448,184.7988316,2020-01-08,2020-01-08 14:00:00
729,295.87488,266.5932412,185.9743465,2020-01-08,2020-01-08 14:15:00
730,281.43668,293.229637,167.3964936,2020-01-08,2020-01-08 14:30:00
731,284.50894,317.1268457,164.7918482,2020-01-08,2020-01-08 14:45:00
732,277.3791,345.7321332,84.47953499,2020-01-08,2020-01-08 15:00:00
733,295.72687,337.3282436,74.30098062,2020-01-08,2020-01-08 15:15:00
734,284.8445,322.2463751,71.70566384,2020-01-08,2020-01-08 15:30:00
735,271.9158,337.7011858,75.89093886,2020-01-08,2020-01-08 15:45:00
736,264.0184,379.7224495,60.69333333,2020-01-08,2020-01-08 16:00:00
737,260.42722,321.6819009,42.72368421,2020-01-08,2020-01-08 16:15:00
738,262.61377,286.2063547,46.40306443,2020-01-08,2020-01-08 16:30:00
739,240.03087,202.776094,42.38294353,2020-01-08,2020-01-08 16:45:00
740,225.59496,171.0591938,45.46754386,2020-01-08,2020-01-08 17:00:00
741,181.49591,187.7341702,45.28552057,2020-01-08,2020-01-08 17:15:00
742,169.39758,160.8180831,45.07053144,2020-01-08,2020-01-08 17:30:00
743,127.43694,181.2933363,15.63259912,2020-01-08,2020-01-08 17:45:00
744,108.83424,181.4457082,15.63289474,2020-01-08,2020-01-08 18:00:00
745,85.04263,121.0203482,15.61798246,2020-01-08,2020-01-08 18:15:00
746,78.74411,101.0123401,3.172368421,2020-01-08,2020-01-08 18:30:00
747,51.896862,65.14751513,0.546052632,2020-01-08,2020-01-08 18:45:00
748,46.143635,61.00065311,0.241048035,2020-01-08,2020-01-08 19:00:00
749,38.605392,61.17008986,0.0,2020-01-08,2020-01-08 19:15:00
750,29.956896,31.57807018,0.0,2020-01-08,2020-01-08 19:30:00
751,26.437822,0.0,0.0,2020-01-08,2020-01-08 19:45:00
752,22.97132,0.0,0.0,2020-01-08,2020-01-08 20:00:00
753,19.69355,0.0,0.0,2020-01-08,2020-01-08 20:15:00
754,17.338154,0.0,0.0,2020-01-08,2020-01-08 20:30:00
755,14.347887,0.0,0.0,2020-01-08,2020-01-08 20:45:00
756,13.798546,0.0,0.0,2020-01-08,2020-01-08 21:00:00
757,8.750163,0.0,0.0,2020-01-08,2020-01-08 21:15:00
758,6.5593424,0.0,0.0,2020-01-08,2020-01-08 21:30:00
759,8.30159,2.684070796,0.0,2020-01-08,2020-01-08 21:45:00
760,7.198341,15.81184211,0.0,2020-01-08,2020-01-08 22:00:00
761,8.416668,15.969869,0.0,2020-01-08,2020-01-08 22:15:00
762,6.9713097,15.97894737,0.0,2020-01-08,2020-01-08 22:30:00
763,4.1627493,15.94298246,0.0,2020-01-08,2020-01-08 22:45:00
764,6.380317,15.92707424,0.0,2020-01-08,2020-01-08 23:00:00
765,3.5221617,15.93157895,0.0,2020-01-08,2020-01-08 23:15:00
766,4.550105,7.729257642,0.0,2020-01-08,2020-01-08 23:30:00
767,4.3543897,0.075438596,0.0,2020-01-08,2020-01-08 23:45:00
768,7.2405596,0.0,0.0,2020-01-09,2020-01-09 00:00:00
769,5.910783,0.0,0.0,2020-01-09,2020-01-09 00:15:00
770,3.393917,0.0,0.0,2020-01-09,2020-01-09 00:30:00
771,1.4744018,0.0,0.0,2020-01-09,2020-01-09 00:45:00
772,1.0291443,0.0,0.0,2020-01-09,2020-01-09 01:00:00
773,0.57363445,0.0,0.0,2020-01-09,2020-01-09 01:15:00
774,0.1264964,0.0,0.0,2020-01-09,2020-01-09 01:30:00
775,0.11941342,0.0,0.0,2020-01-09,2020-01-09 01:45:00
776,0.119125575,0.0,0.0,2020-01-09,2020-01-09 02:00:00
777,0.084877774,0.0,0.0,2020-01-09,2020-01-09 02:15:00
778,0.87120587,0.0,0.0,2020-01-09,2020-01-09 02:30:00
779,0.72413653,0.0,0.0,2020-01-09,2020-01-09 02:45:00
780,0.560244,15.34342105,0.0,2020-01-09,2020-01-09 03:00:00
781,0.17078127,17.8004386,0.0,2020-01-09,2020-01-09 03:15:00
782,0.78549737,17.80174672,0.0,2020-01-09,2020-01-09 03:30:00
783,0.33175084,17.80350877,0.0,2020-01-09,2020-01-09 03:45:00
784,0.753447,17.80218341,0.0,2020-01-09,2020-01-09 04:00:00
785,1.2995942,16.22192982,0.0,2020-01-09,2020-01-09 04:15:00
786,1.1903127,24.16973684,0.0,2020-01-09,2020-01-09 04:30:00
787,4.8104744,35.37384509,0.0,2020-01-09,2020-01-09 04:45:00
788,4.8167377,42.9717592,2.748148148,2020-01-09,2020-01-09 05:00:00
789,13.382813,54.84203061,31.07280702,2020-01-09,2020-01-09 05:15:00
790,28.600483,70.11980398,40.14451635,2020-01-09,2020-01-09 05:30:00
791,43.771122,127.82764,61.40714587,2020-01-09,2020-01-09 05:45:00
792,90.4419,171.0022831,116.4401352,2020-01-09,2020-01-09 06:00:00
793,175.22923,207.4243386,190.5246415,2020-01-09,2020-01-09 06:15:00
794,339.2584,309.6698425,237.3603658,2020-01-09,2020-01-09 06:30:00
795,452.4118,448.082173,251.405085,2020-01-09,2020-01-09 06:45:00
796,545.7996,565.806639,249.3077761,2020-01-09,2020-01-09 07:00:00
797,655.098,704.2657908,278.3982615,2020-01-09,2020-01-09 07:15:00
798,700.6215,723.7930375,361.9530018,2020-01-09,2020-01-09 07:30:00
799,725.1073,727.2931681,455.3863637,2020-01-09,2020-01-09 07:45:00
800,745.31726,707.3790173,471.5122898,2020-01-09,2020-01-09 08:00:00
801,750.84424,731.8162424,466.4276424,2020-01-09,2020-01-09 08:15:00
802,750.46686,727.3738811,579.5561175,2020-01-09,2020-01-09 08:30:00
803,746.82764,723.4458389,676.8421318,2020-01-09,2020-01-09 08:45:00
804,744.4097,722.4238742,680.3126365,2020-01-09,2020-01-09 09:00:00
805,724.0932,690.5934513,659.035927,2020-01-09,2020-01-09 09:15:00
806,718.2001,621.670389,627.0750847,2020-01-09,2020-01-09 09:30:00
807,718.7445,673.6273548,619.5600158,2020-01-09,2020-01-09 09:45:00
808,708.84875,659.1400282,603.3475362,2020-01-09,2020-01-09 10:00:00
809,673.59625,624.7036468,551.1756451,2020-01-09,2020-01-09 10:15:00
810,632.9537,608.7743618,539.7142055,2020-01-09,2020-01-09 10:30:00
811,633.6555,550.3972289,564.6062641,2020-01-09,2020-01-09 10:45:00
812,609.3733,557.1530707,618.157291,2020-01-09,2020-01-09 11:00:00
813,583.5956,554.4636389,601.4271564,2020-01-09,2020-01-09 11:15:00
814,569.6453,552.6011949,591.6950805,2020-01-09,2020-01-09 11:30:00
815,550.11444,527.3891898,552.6632757,2020-01-09,2020-01-09 11:45:00
816,539.35284,523.7219832,564.0780174,2020-01-09,2020-01-09 12:00:00
817,511.96442,529.3021261,477.1413925,2020-01-09,2020-01-09 12:15:00
818,474.90167,488.197008,397.6489926,2020-01-09,2020-01-09 12:30:00
819,452.56735,481.5778533,310.0428648,2020-01-09,2020-01-09 12:45:00
820,417.0309,450.1549469,312.9659487,2020-01-09,2020-01-09 13:00:00
821,392.5191,410.492166,299.3342338,2020-01-09,2020-01-09 13:15:00
822,370.38748,409.694581,296.9890481,2020-01-09,2020-01-09 13:30:00
823,361.47943,389.0841429,287.8466478,2020-01-09,2020-01-09 13:45:00
824,333.30725,379.1472306,243.9601482,2020-01-09,2020-01-09 14:00:00
825,315.43204,357.7699395,225.1111193,2020-01-09,2020-01-09 14:15:00
826,301.91513,389.2227414,201.0652208,2020-01-09,2020-01-09 14:30:00
827,270.9441,361.5159803,230.1648079,2020-01-09,2020-01-09 14:45:00
828,307.40964,313.4642338,214.5343482,2020-01-09,2020-01-09 15:00:00
829,294.96262,298.0138686,228.1296133,2020-01-09,2020-01-09 15:15:00
830,278.73944,284.1215363,197.8165178,2020-01-09,2020-01-09 15:30:00
831,273.32812,277.5727062,190.70392,2020-01-09,2020-01-09 15:45:00
832,267.83987,299.6094893,182.8260484,2020-01-09,2020-01-09 16:00:00
833,288.03098,286.1517577,167.1574969,2020-01-09,2020-01-09 16:15:00
834,270.69424,287.5408796,149.4985793,2020-01-09,2020-01-09 16:30:00
835,248.18578,265.1549918,161.0150183,2020-01-09,2020-01-09 16:45:00
836,240.36827,240.2285721,122.9753543,2020-01-09,2020-01-09 17:00:00
837,232.42679,218.9810281,122.9169669,2020-01-09,2020-01-09 17:15:00
838,213.97809,196.2586183,122.870367,2020-01-09,2020-01-09 17:30:00
839,170.54047,162.5470252,123.215721,2020-01-09,2020-01-09 17:45:00
840,148.1482,154.2056046,133.2814822,2020-01-09,2020-01-09 18:00:00
841,121.44898,121.3652934,116.2395875,2020-01-09,2020-01-09 18:15:00
842,92.608185,88.26355529,51.58553474,2020-01-09,2020-01-09 18:30:00
843,82.25511,51.65818024,16.08374129,2020-01-09,2020-01-09 18:45:00
844,61.415276,48.66394909,15.69561404,2020-01-09,2020-01-09 19:00:00
845,47.251667,15.04043478,15.65482456,2020-01-09,2020-01-09 19:15:00
846,26.075079,15.00219298,15.63464912,2020-01-09,2020-01-09 19:30:00
847,34.385162,15.0375,5.667248908,2020-01-09,2020-01-09 19:45:00
848,23.434744,0.0,0.0,2020-01-09,2020-01-09 20:00:00
849,15.8919525,0.0,0.0,2020-01-09,2020-01-09 20:15:00
850,21.961693,0.0,0.0,2020-01-09,2020-01-09 20:30:00
851,17.237473,8.86712963,0.0,2020-01-09,2020-01-09 20:45:00
852,15.169505,15.83377193,0.0,2020-01-09,2020-01-09 21:00:00
853,7.654442,15.84978166,0.0,2020-01-09,2020-01-09 21:15:00
854,6.066244,15.91096491,0.0,2020-01-09,2020-01-09 21:30:00
855,7.369256,15.96578947,0.0,2020-01-09,2020-01-09 21:45:00
856,5.825407,15.78078603,0.0,2020-01-09,2020-01-09 22:00:00
857,9.017634,15.18157895,0.0,2020-01-09,2020-01-09 22:15:00
858,6.4694448,2.55720524,0.0,2020-01-09,2020-01-09 22:30:00
859,1.9775233,0.554385965,0.0,2020-01-09,2020-01-09 22:45:00
860,5.470275,0.560964912,0.0,2020-01-09,2020-01-09 23:00:00
861,1.6787275,0.562445415,0.0,2020-01-09,2020-01-09 23:15:00
862,3.2876189,0.11622807,0.0,2020-01-09,2020-01-09 23:30:00
863,6.147995,0.0,0.0,2020-01-09,2020-01-09 23:45:00
864,4.528531,0.0,0.0,2020-01-10,2020-01-10 00:00:00
865,3.8980823,0.0,0.0,2020-01-10,2020-01-10 00:15:00
866,2.8078036,0.0,0.0,2020-01-10,2020-01-10 00:30:00
867,1.1627858,0.0,0.0,2020-01-10,2020-01-10 00:45:00
868,0.910723,0.0,0.0,2020-01-10,2020-01-10 01:00:00
869,0.7032756,0.0,0.0,2020-01-10,2020-01-10 01:15:00
870,0.34162012,0.0,0.0,2020-01-10,2020-01-10 01:30:00
871,0.23751509,0.0,0.0,2020-01-10,2020-01-10 01:45:00
872,0.25804877,0.0,0.0,2020-01-10,2020-01-10 02:00:00
873,0.32067472,0.0,0.0,2020-01-10,2020-01-10 02:15:00
874,1.3524897,0.0,0.0,2020-01-10,2020-01-10 02:30:00
875,0.98082805,0.0,0.0,2020-01-10,2020-01-10 02:45:00
876,1.1250576,0.0,0.0,2020-01-10,2020-01-10 03:00:00
877,0.801505,0.0,0.0,2020-01-10,2020-01-10 03:15:00
878,1.527905,0.0,0.0,2020-01-10,2020-01-10 03:30:00
879,1.2545582,0.0,0.0,2020-01-10,2020-01-10 03:45:00
880,2.021552,0.0,0.0,2020-01-10,2020-01-10 04:00:00
881,3.198376,0.0,0.0,2020-01-10,2020-01-10 04:15:00
882,3.3186634,5.206818182,0.0,2020-01-10,2020-01-10 04:30:00
883,7.338782,8.733663366,0.0,2020-01-10,2020-01-10 04:45:00
884,9.040335,27.72545802,0.0,2020-01-10,2020-01-10 05:00:00
885,20.181328,45.02085602,0.0,2020-01-10,2020-01-10 05:15:00
886,35.964977,43.26641466,0.0,2020-01-10,2020-01-10 05:30:00
887,58.35105,109.9425863,41.55526316,2020-01-10,2020-01-10 05:45:00
888,110.88693,179.1752079,58.5,2020-01-10,2020-01-10 06:00:00
889,193.03204,224.0816426,110.0537525,2020-01-10,2020-01-10 06:15:00
890,311.77762,305.7566633,173.5982722,2020-01-10,2020-01-10 06:30:00
891,419.1866,413.3740442,204.5153978,2020-01-10,2020-01-10 06:45:00
892,523.0509,469.5677965,251.3228127,2020-01-10,2020-01-10 07:00:00
893,592.9176,622.6741273,304.3306731,2020-01-10,2020-01-10 07:15:00
894,656.2133,685.4515734,388.1399649,2020-01-10,2020-01-10 07:30:00
895,676.6629,733.9922937,435.5850281,2020-01-10,2020-01-10 07:45:00
896,703.705,731.5315316,470.3117431,2020-01-10,2020-01-10 08:00:00
897,709.56,727.2660739,472.2292322,2020-01-10,2020-01-10 08:15:00
898,713.8042,731.4682747,533.1408233,2020-01-10,2020-01-10 08:30:00
899,709.22705,714.0476608,543.7282784,2020-01-10,2020-01-10 08:45:00
900,700.4753,702.9376563,537.9919641,2020-01-10,2020-01-10 09:00:00
901,683.2902,689.6726261,554.6757216,2020-01-10,2020-01-10 09:15:00
902,674.3999,681.1973181,590.6744373,2020-01-10,2020-01-10 09:30:00
903,653.06616,675.9845599,625.6101917,2020-01-10,2020-01-10 09:45:00
904,643.2857,645.8661609,649.3226269,2020-01-10,2020-01-10 10:00:00
905,603.18475,628.0220957,618.1246155,2020-01-10,2020-01-10 10:15:00
906,572.7681,612.5592046,574.7511536,2020-01-10,2020-01-10 10:30:00
907,558.8247,616.061195,577.6854113,2020-01-10,2020-01-10 10:45:00
908,537.2813,607.9082583,548.1821466,2020-01-10,2020-01-10 11:00:00
909,494.13766,581.557705,499.6693858,2020-01-10,2020-01-10 11:15:00
910,480.8524,531.3640405,475.8359522,2020-01-10,2020-01-10 11:30:00
911,459.9811,514.4227153,394.2771304,2020-01-10,2020-01-10 11:45:00
912,453.97302,550.0954962,383.4129079,2020-01-10,2020-01-10 12:00:00
913,416.0669,514.1406082,262.0886721,2020-01-10,2020-01-10 12:15:00
914,383.67084,489.1738982,286.4041033,2020-01-10,2020-01-10 12:30:00
915,375.88824,378.9695459,289.2610419,2020-01-10,2020-01-10 12:45:00
916,356.6537,333.7757912,239.3173555,2020-01-10,2020-01-10 13:00:00
917,334.47272,339.4890602,201.5277405,2020-01-10,2020-01-10 13:15:00
918,312.0041,321.9024942,196.4096286,2020-01-10,2020-01-10 13:30:00
919,302.19086,282.7154405,218.4182543,2020-01-10,2020-01-10 13:45:00
920,288.97476,272.3890282,240.4965136,2020-01-10,2020-01-10 14:00:00
921,268.86017,239.8965179,227.922403,2020-01-10,2020-01-10 14:15:00
922,254.23575,202.0174772,219.8027475,2020-01-10,2020-01-10 14:30:00
923,251.7291,170.9581963,190.8687187,2020-01-10,2020-01-10 14:45:00
924,233.78566,138.3431256,170.6280338,2020-01-10,2020-01-10 15:00:00
925,245.95732,158.0286607,174.085715,2020-01-10,2020-01-10 15:15:00
926,237.5518,210.2184021,143.0949941,2020-01-10,2020-01-10 15:30:00
927,238.71376,259.9722538,71.65329618,2020-01-10,2020-01-10 15:45:00
928,221.82843,242.6120654,48.22487062,2020-01-10,2020-01-10 16:00:00
929,218.4054,238.0427005,46.94659793,2020-01-10,2020-01-10 16:15:00
930,221.17975,239.5093426,46.40055351,2020-01-10,2020-01-10 16:30:00
931,205.94763,219.3598284,46.68630706,2020-01-10,2020-01-10 16:45:00
932,181.76514,219.5274673,46.78843369,2020-01-10,2020-01-10 17:00:00
933,173.51236,193.9633207,46.59014403,2020-01-10,2020-01-10 17:15:00
934,157.06262,124.10887,46.25087719,2020-01-10,2020-01-10 17:30:00
935,129.3853,96.24336704,46.37165249,2020-01-10,2020-01-10 17:45:00
936,106.3881,65.57515744,15.96559286,2020-01-10,2020-01-10 18:00:00
937,89.46371,91.47074236,5.631877729,2020-01-10,2020-01-10 18:15:00
938,72.961716,92.34473684,0.0,2020-01-10,2020-01-10 18:30:00
939,56.935375,93.58624802,0.0,2020-01-10,2020-01-10 18:45:00
940,46.673485,92.37184747,0.0,2020-01-10,2020-01-10 19:00:00
941,38.188206,92.49270515,0.0,2020-01-10,2020-01-10 19:15:00
942,27.01847,28.77816594,0.0,2020-01-10,2020-01-10 19:30:00
943,24.963621,0.0,0.0,2020-01-10,2020-01-10 19:45:00
944,19.904182,0.0,0.0,2020-01-10,2020-01-10 20:00:00
945,15.466726,0.0,0.0,2020-01-10,2020-01-10 20:15:00
946,14.532402,0.0,0.0,2020-01-10,2020-01-10 20:30:00
947,11.237669,9.041441441,0.0,2020-01-10,2020-01-10 20:45:00
948,9.945838,15.75938865,0.0,2020-01-10,2020-01-10 21:00:00
949,7.840807,15.70305677,0.0,2020-01-10,2020-01-10 21:15:00
950,5.8112326,15.74279476,0.0,2020-01-10,2020-01-10 21:30:00
951,6.4737635,15.69956522,0.0,2020-01-10,2020-01-10 21:45:00
952,5.196354,15.65921053,0.0,2020-01-10,2020-01-10 22:00:00
953,6.3312554,15.56899563,0.0,2020-01-10,2020-01-10 22:15:00
954,5.5876465,4.031877729,0.0,2020-01-10,2020-01-10 22:30:00
955,3.1099918,0.500436681,0.0,2020-01-10,2020-01-10 22:45:00
956,4.834092,0.5,0.0,2020-01-10,2020-01-10 23:00:00
957,2.744898,0.479385965,0.0,2020-01-10,2020-01-10 23:15:00
958,3.2441747,0.0,0.0,2020-01-10,2020-01-10 23:30:00
959,3.461096,0.0,0.0,2020-01-10,2020-01-10 23:45:00
960,4.6480947,0.0,0.0,2020-01-13,2020-01-13 00:00:00
961,4.8389673,0.0,0.0,2020-01-13,2020-01-13 00:15:00
962,3.3750312,0.0,0.0,2020-01-13,2020-01-13 00:30:00
963,1.1031369,0.0,0.0,2020-01-13,2020-01-13 00:45:00
964,0.9394705,0.0,0.0,2020-01-13,2020-01-13 01:00:00
965,0.68428713,0.0,0.0,2020-01-13,2020-01-13 01:15:00
966,0.27854165,0.0,0.0,2020-01-13,2020-01-13 01:30:00
967,0.19401658,0.0,0.0,2020-01-13,2020-01-13 01:45:00
968,0.1845604,0.0,0.0,2020-01-13,2020-01-13 02:00:00
969,0.23201738,0.0,0.0,2020-01-13,2020-01-13 02:15:00
970,1.0914886,0.0,0.0,2020-01-13,2020-01-13 02:30:00
971,0.82438713,0.0,0.0,2020-01-13,2020-01-13 02:45:00
972,0.7731437,0.0,0.0,2020-01-13,2020-01-13 03:00:00
973,0.4749121,0.0,0.0,2020-01-13,2020-01-13 03:15:00
974,0.9117884,0.0,0.0,2020-01-13,2020-01-13 03:30:00
975,0.68000907,0.0,0.0,2020-01-13,2020-01-13 03:45:00
976,1.1550756,0.0,0.0,2020-01-13,2020-01-13 04:00:00
977,1.536828,0.0,0.0,2020-01-13,2020-01-13 04:15:00
978,1.557966,0.0,14.50048544,2020-01-13,2020-01-13 04:30:00
979,3.655672,2.761206897,53.99916453,2020-01-13,2020-01-13 04:45:00
980,5.1623874,15.29868421,74.92807018,2020-01-13,2020-01-13 05:00:00
981,9.288918,29.83918065,74.26004175,2020-01-13,2020-01-13 05:15:00
982,17.901543,44.63214119,83.03151156,2020-01-13,2020-01-13 05:30:00
983,31.116844,84.24711024,144.0955295,2020-01-13,2020-01-13 05:45:00
984,63.508778,128.2358014,188.9875564,2020-01-13,2020-01-13 06:00:00
985,120.044235,181.592401,259.9315072,2020-01-13,2020-01-13 06:15:00
986,210.43471,258.2112717,436.7343107,2020-01-13,2020-01-13 06:30:00
987,305.62637,365.9666656,565.6312738,2020-01-13,2020-01-13 06:45:00
988,429.65576,525.1621019,676.4330546,2020-01-13,2020-01-13 07:00:00
989,549.8074,675.6215926,719.3669854,2020-01-13,2020-01-13 07:15:00
990,610.1377,740.2095278,725.0295581,2020-01-13,2020-01-13 07:30:00
991,657.452,738.65238,724.2319065,2020-01-13,2020-01-13 07:45:00
992,687.50244,730.3247898,719.2239739,2020-01-13,2020-01-13 08:00:00
993,706.36084,713.2633411,701.777207,2020-01-13,2020-01-13 08:15:00
994,717.21246,706.7173797,714.1652672,2020-01-13,2020-01-13 08:30:00
995,714.4563,713.1474465,724.279089,2020-01-13,2020-01-13 08:45:00
996,709.0421,718.1601552,720.5837646,2020-01-13,2020-01-13 09:00:00
997,696.5257,693.2735886,711.8246461,2020-01-13,2020-01-13 09:15:00
998,680.30505,669.6195179,710.3863112,2020-01-13,2020-01-13 09:30:00
999,670.824,668.7960492,687.480779,2020-01-13,2020-01-13 09:45:00
1000,651.0645,673.6594241,629.2074493,2020-01-13,2020-01-13 10:00:00
1001,622.9048,649.3096367,564.6532036,2020-01-13,2020-01-13 10:15:00
1002,606.4218,608.9874919,558.1674904,2020-01-13,2020-01-13 10:30:00
1003,574.73944,602.948001,522.5722749,2020-01-13,2020-01-13 10:45:00
1004,550.12213,531.7014942,518.1971944,2020-01-13,2020-01-13 11:00:00
1005,531.4363,480.4384802,488.6148723,2020-01-13,2020-01-13 11:15:00
1006,503.1546,448.9796437,448.8201621,2020-01-13,2020-01-13 11:30:00
1007,469.1756,429.6434322,490.454643,2020-01-13,2020-01-13 11:45:00
1008,463.07092,437.9919521,517.0097852,2020-01-13,2020-01-13 12:00:00
1009,431.12634,447.382517,514.0621751,2020-01-13,2020-01-13 12:15:00
1010,400.77948,472.0920244,486.8115974,2020-01-13,2020-01-13 12:30:00
1011,389.72986,471.1564497,494.2373188,2020-01-13,2020-01-13 12:45:00
1012,382.35727,446.3476846,499.2422947,2020-01-13,2020-01-13 13:00:00
1013,351.77313,404.4855588,488.9849434,2020-01-13,2020-01-13 13:15:00
1014,333.58694,403.352624,454.1717999,2020-01-13,2020-01-13 13:30:00
1015,304.87878,417.1729149,469.5497419,2020-01-13,2020-01-13 13:45:00
1016,302.85486,394.9525808,474.207493,2020-01-13,2020-01-13 14:00:00
1017,280.08246,346.9857114,425.3883683,2020-01-13,2020-01-13 14:15:00
1018,257.482,255.0782675,410.1875523,2020-01-13,2020-01-13 14:30:00
1019,266.10422,265.0812529,421.9626143,2020-01-13,2020-01-13 14:45:00
1020,254.45999,280.6495131,383.3650057,2020-01-13,2020-01-13 15:00:00
1021,254.7726,293.8931799,364.0950332,2020-01-13,2020-01-13 15:15:00
1022,265.56622,305.9010457,344.1689045,2020-01-13,2020-01-13 15:30:00
1023,246.51839,326.8334704,327.2714187,2020-01-13,2020-01-13 15:45:00
1024,251.03195,386.2571076,311.2776333,2020-01-13,2020-01-13 16:00:00
1025,250.60934,431.6420825,360.7819803,2020-01-13,2020-01-13 16:15:00
1026,239.66441,404.7763974,361.6389254,2020-01-13,2020-01-13 16:30:00
1027,234.14568,383.5354737,322.2400872,2020-01-13,2020-01-13 16:45:00
1028,214.9139,383.9033532,309.2758486,2020-01-13,2020-01-13 17:00:00
1029,192.88031,315.1734642,266.7372211,2020-01-13,2020-01-13 17:15:00
1030,171.02429,260.2952896,177.843268,2020-01-13,2020-01-13 17:30:00
1031,140.99883,247.2740347,146.8433112,2020-01-13,2020-01-13 17:45:00
1032,124.90326,226.9871774,90.62943618,2020-01-13,2020-01-13 18:00:00
1033,98.06468,176.2440825,89.6632293,2020-01-13,2020-01-13 18:15:00
1034,84.91974,115.2020043,60.33173715,2020-01-13,2020-01-13 18:30:00
1035,59.252098,115.0141392,45.41135804,2020-01-13,2020-01-13 18:45:00
1036,51.980045,102.2851643,39.09911899,2020-01-13,2020-01-13 19:00:00
1037,38.583454,94.08402475,15.42969432,2020-01-13,2020-01-13 19:15:00
1038,33.73325,74.7515926,15.41535088,2020-01-13,2020-01-13 19:30:00
1039,26.28438,46.88245614,15.39122807,2020-01-13,2020-01-13 19:45:00
1040,18.149998,46.90430552,15.36768559,2020-01-13,2020-01-13 20:00:00
1041,15.802324,43.45536479,15.34298246,2020-01-13,2020-01-13 20:15:00
1042,14.164772,31.13464912,7.881659389,2020-01-13,2020-01-13 20:30:00
1043,11.527883,0.830701754,0.99254386,2020-01-13,2020-01-13 20:45:00
1044,9.526724,0.0,0.0,2020-01-13,2020-01-13 21:00:00
1045,7.265382,0.0,11.67719298,2020-01-13,2020-01-13 21:15:00
1046,5.7904367,0.0,15.86491228,2020-01-13,2020-01-13 21:30:00
1047,6.6992297,0.0,15.88515284,2020-01-13,2020-01-13 21:45:00
1048,6.0311356,0.0,15.70789474,2020-01-13,2020-01-13 22:00:00
1049,7.4051943,0.0,14.30349345,2020-01-13,2020-01-13 22:15:00
1050,6.5258665,0.0,1.682894737,2020-01-13,2020-01-13 22:30:00
1051,4.2959614,10.36681223,0.501315789,2020-01-13,2020-01-13 22:45:00
1052,5.9196916,15.52324561,0.5,2020-01-13,2020-01-13 23:00:00
1053,3.332621,15.4580786,0.5,2020-01-13,2020-01-13 23:15:00
1054,4.2778006,15.4254386,0.5,2020-01-13,2020-01-13 23:30:00
1055,4.435234,15.37248908,0.500434783,2020-01-13,2020-01-13 23:45:00
1056,8.008362,13.83187773,0.500438596,2020-01-14,2020-01-14 00:00:00
1057,7.9505115,1.678070175,0.500436681,2020-01-14,2020-01-14 00:15:00
1058,4.5456424,0.0,0.500438596,2020-01-14,2020-01-14 00:30:00
1059,1.6042228,0.0,0.500438596,2020-01-14,2020-01-14 00:45:00
1060,1.558916,0.0,0.283406114,2020-01-14,2020-01-14 01:00:00
1061,0.7966849,0.0,0.0,2020-01-14,2020-01-14 01:15:00
1062,0.58260894,0.0,0.0,2020-01-14,2020-01-14 01:30:00
1063,0.31104228,0.0,0.0,2020-01-14,2020-01-14 01:45:00
1064,0.28228387,0.0,0.0,2020-01-14,2020-01-14 02:00:00
1065,0.36108163,0.0,0.0,2020-01-14,2020-01-14 02:15:00
1066,1.3470144,0.0,0.0,2020-01-14,2020-01-14 02:30:00
1067,0.96229637,0.0,0.0,2020-01-14,2020-01-14 02:45:00
1068,1.0268465,0.0,0.0,2020-01-14,2020-01-14 03:00:00
1069,0.7019587,0.0,0.0,2020-01-14,2020-01-14 03:15:00
1070,1.2845471,0.0,0.0,2020-01-14,2020-01-14 03:30:00
1071,0.89870024,0.0,0.0,2020-01-14,2020-01-14 03:45:00
1072,1.8348408,0.0,0.0,2020-01-14,2020-01-14 04:00:00
1073,2.4984233,0.0,0.0,2020-01-14,2020-01-14 04:15:00
1074,2.508649,0.0,0.0,2020-01-14,2020-01-14 04:30:00
1075,6.278923,6.209756098,22.7806867,2020-01-14,2020-01-14 04:45:00
1076,8.295815,58.93209376,44.40325999,2020-01-14,2020-01-14 05:00:00
1077,15.128488,86.1375973,62.165316,2020-01-14,2020-01-14 05:15:00
1078,25.365993,95.01908939,82.96531741,2020-01-14,2020-01-14 05:30:00
1079,44.78609,146.9354596,158.8021459,2020-01-14,2020-01-14 05:45:00
1080,77.14189,173.1795284,228.4471359,2020-01-14,2020-01-14 06:00:00
1081,131.91841,215.7714913,283.3993719,2020-01-14,2020-01-14 06:15:00
1082,219.99261,281.6267339,433.1532177,2020-01-14,2020-01-14 06:30:00
1083,304.61908,365.8323207,605.0128905,2020-01-14,2020-01-14 06:45:00
1084,418.17844,538.4423198,671.0175508,2020-01-14,2020-01-14 07:00:00
1085,528.58624,661.8872394,707.7110966,2020-01-14,2020-01-14 07:15:00
1086,586.5959,692.2208182,721.3669396,2020-01-14,2020-01-14 07:30:00
1087,618.3395,713.0346603,704.5090865,2020-01-14,2020-01-14 07:45:00
1088,644.8718,715.8628786,717.7398986,2020-01-14,2020-01-14 08:00:00
1089,674.1595,720.8005725,722.4016491,2020-01-14,2020-01-14 08:15:00
1090,677.7948,720.1144023,728.5044138,2020-01-14,2020-01-14 08:30:00
1091,672.0221,690.7544345,718.0279444,2020-01-14,2020-01-14 08:45:00
1092,662.0638,685.8096641,710.4511297,2020-01-14,2020-01-14 09:00:00
1093,653.65076,609.0299436,675.3443315,2020-01-14,2020-01-14 09:15:00
1094,642.38385,552.9636459,669.4206778,2020-01-14,2020-01-14 09:30:00
1095,626.6932,544.3554713,590.3091545,2020-01-14,2020-01-14 09:45:00
1096,603.8312,534.9533155,561.7193544,2020-01-14,2020-01-14 10:00:00
1097,581.32336,513.9776789,530.2189101,2020-01-14,2020-01-14 10:15:00
1098,544.27405,486.9453797,503.8198401,2020-01-14,2020-01-14 10:30:00
1099,534.16565,475.5689067,499.1099228,2020-01-14,2020-01-14 10:45:00
1100,521.85425,484.1547041,469.9899959,2020-01-14,2020-01-14 11:00:00
1101,493.36792,446.6589494,422.5864428,2020-01-14,2020-01-14 11:15:00
1102,456.41248,394.685891,391.9577668,2020-01-14,2020-01-14 11:30:00
1103,454.8454,390.6938943,371.4886613,2020-01-14,2020-01-14 11:45:00
1104,448.47433,397.9852456,361.840592,2020-01-14,2020-01-14 12:00:00
1105,413.1275,411.1844499,351.2728094,2020-01-14,2020-01-14 12:15:00
1106,371.13797,387.4038481,373.2529509,2020-01-14,2020-01-14 12:30:00
1107,366.4836,281.3580157,400.7145709,2020-01-14,2020-01-14 12:45:00
1108,369.7035,235.4934744,377.8225891,2020-01-14,2020-01-14 13:00:00
1109,329.59848,225.5247475,313.8386605,2020-01-14,2020-01-14 13:15:00
1110,333.56393,211.8316704,252.3946114,2020-01-14,2020-01-14 13:30:00
1111,289.11023,215.519672,234.5410833,2020-01-14,2020-01-14 13:45:00
1112,292.839,193.3042218,227.1252115,2020-01-14,2020-01-14 14:00:00
1113,284.81482,180.4754927,240.0430621,2020-01-14,2020-01-14 14:15:00
1114,266.90305,148.6556497,247.0674044,2020-01-14,2020-01-14 14:30:00
1115,269.22647,139.7518287,227.3328433,2020-01-14,2020-01-14 14:45:00
1116,259.25266,157.445152,231.0920037,2020-01-14,2020-01-14 15:00:00
1117,272.11548,207.2249144,233.8136093,2020-01-14,2020-01-14 15:15:00
1118,268.8365,228.1680228,252.0027725,2020-01-14,2020-01-14 15:30:00
1119,257.93118,268.2129841,329.6498318,2020-01-14,2020-01-14 15:45:00
1120,262.5963,257.3803181,333.1865302,2020-01-14,2020-01-14 16:00:00
1121,256.3488,273.5335496,344.6178207,2020-01-14,2020-01-14 16:15:00
1122,257.2907,303.3290008,298.0282805,2020-01-14,2020-01-14 16:30:00
1123,240.66159,327.1190423,314.7154828,2020-01-14,2020-01-14 16:45:00
1124,243.01074,334.908477,269.3677567,2020-01-14,2020-01-14 17:00:00
1125,189.28386,311.0765542,268.1446937,2020-01-14,2020-01-14 17:15:00
1126,184.78828,319.829738,227.8155872,2020-01-14,2020-01-14 17:30:00
1127,142.73436,336.756092,175.5473665,2020-01-14,2020-01-14 17:45:00
1128,123.95933,246.9038574,166.6791695,2020-01-14,2020-01-14 18:00:00
1129,94.44832,208.5109162,156.1243354,2020-01-14,2020-01-14 18:15:00
1130,85.11834,198.8018889,139.469371,2020-01-14,2020-01-14 18:30:00
1131,54.003506,152.5136126,77.5116027,2020-01-14,2020-01-14 18:45:00
1132,51.915237,123.2834439,74.02230639,2020-01-14,2020-01-14 19:00:00
1133,44.134647,103.0786122,44.00930821,2020-01-14,2020-01-14 19:15:00
1134,41.472076,77.13504558,31.44210526,2020-01-14,2020-01-14 19:30:00
1135,32.0031,60.57581923,30.70524017,2020-01-14,2020-01-14 19:45:00
1136,29.284119,62.34729181,38.92648043,2020-01-14,2020-01-14 20:00:00
1137,27.837904,62.06202091,26.19078947,2020-01-14,2020-01-14 20:15:00
1138,22.656324,0.0,30.61266376,2020-01-14,2020-01-14 20:30:00
1139,18.17461,0.0,30.1877193,2020-01-14,2020-01-14 20:45:00
1140,17.380383,0.0,30.24605263,2020-01-14,2020-01-14 21:00:00
1141,11.654652,13.12969432,48.44343446,2020-01-14,2020-01-14 21:15:00
1142,10.766409,18.69336289,62.20361556,2020-01-14,2020-01-14 21:30:00
1143,10.5343895,0.0,62.1584923,2020-01-14,2020-01-14 21:45:00
1144,9.89944,0.0,40.38396154,2020-01-14,2020-01-14 22:00:00
1145,11.6288185,0.0,27.77137823,2020-01-14,2020-01-14 22:15:00
1146,9.592931,0.0,10.25583756,2020-01-14,2020-01-14 22:30:00
1147,5.958241,0.0,0.6,2020-01-14,2020-01-14 22:45:00
1148,7.0635657,0.0,0.6,2020-01-14,2020-01-14 23:00:00
1149,4.542831,0.0,0.6,2020-01-14,2020-01-14 23:15:00
1150,5.0985537,9.299122807,0.6,2020-01-14,2020-01-14 23:30:00
1151,5.8876467,12.2768559,0.0,2020-01-14,2020-01-14 23:45:00
1152,6.294473,1.038596491,0.0,2020-01-15,2020-01-15 00:00:00
1153,6.093762,0.502631579,0.0,2020-01-15,2020-01-15 00:15:00
1154,3.961359,0.500436681,0.0,2020-01-15,2020-01-15 00:30:00
1155,1.6606661,0.497777778,0.0,2020-01-15,2020-01-15 00:45:00
1156,1.4107202,0.0,0.0,2020-01-15,2020-01-15 01:00:00
1157,0.8928918,0.0,0.0,2020-01-15,2020-01-15 01:15:00
1158,0.46027178,0.0,0.0,2020-01-15,2020-01-15 01:30:00
1159,0.30660418,0.0,0.0,2020-01-15,2020-01-15 01:45:00
1160,0.31230634,0.0,0.0,2020-01-15,2020-01-15 02:00:00
1161,0.3721941,0.0,0.0,2020-01-15,2020-01-15 02:15:00
1162,1.6208454,0.0,0.0,2020-01-15,2020-01-15 02:30:00
1163,1.1682789,0.0,0.0,2020-01-15,2020-01-15 02:45:00
1164,1.2681108,0.0,0.0,2020-01-15,2020-01-15 03:00:00
1165,0.7636736,0.0,0.0,2020-01-15,2020-01-15 03:15:00
1166,1.6644157,0.0,0.0,2020-01-15,2020-01-15 03:30:00
1167,1.164638,0.0,0.0,2020-01-15,2020-01-15 03:45:00
1168,2.0901585,0.0,0.0,2020-01-15,2020-01-15 04:00:00
1169,3.112804,0.0,0.0,2020-01-15,2020-01-15 04:15:00
1170,3.1947694,0.0,2.222641509,2020-01-15,2020-01-15 04:30:00
1171,8.069954,0.0,30.8030837,2020-01-15,2020-01-15 04:45:00
1172,9.659808,29.36609442,29.65263765,2020-01-15,2020-01-15 05:00:00
1173,19.690891,63.0004386,47.8007086,2020-01-15,2020-01-15 05:15:00
1174,33.28094,67.51583052,68.23892686,2020-01-15,2020-01-15 05:30:00
1175,56.063976,132.1494465,122.8917909,2020-01-15,2020-01-15 05:45:00
1176,95.880775,183.5311227,187.8988569,2020-01-15,2020-01-15 06:00:00
1177,167.58636,221.1750706,219.5605078,2020-01-15,2020-01-15 06:15:00
1178,285.8736,256.9599257,326.3597495,2020-01-15,2020-01-15 06:30:00
1179,389.46085,371.3995725,420.4723055,2020-01-15,2020-01-15 06:45:00
1180,487.8585,528.5548571,555.1860944,2020-01-15,2020-01-15 07:00:00
1181,579.2101,675.4931042,690.3985864,2020-01-15,2020-01-15 07:15:00
1182,644.0468,710.9289181,718.739431,2020-01-15,2020-01-15 07:30:00
1183,669.0694,715.4212951,711.1900441,2020-01-15,2020-01-15 07:45:00
1184,696.8122,727.2921486,717.5006554,2020-01-15,2020-01-15 08:00:00
1185,710.9229,722.9679507,711.5604978,2020-01-15,2020-01-15 08:15:00
1186,712.612,723.8472739,715.5391185,2020-01-15,2020-01-15 08:30:00
1187,709.16833,724.3342109,716.9525626,2020-01-15,2020-01-15 08:45:00
1188,700.4726,708.3868382,714.6388189,2020-01-15,2020-01-15 09:00:00
1189,684.57935,677.1277564,704.3482426,2020-01-15,2020-01-15 09:15:00
1190,679.8982,659.3455144,663.498745,2020-01-15,2020-01-15 09:30:00
1191,666.04,658.5759311,640.266133,2020-01-15,2020-01-15 09:45:00
1192,653.924,641.1162742,636.6218752,2020-01-15,2020-01-15 10:00:00
1193,619.9965,636.5987384,627.1276168,2020-01-15,2020-01-15 10:15:00
1194,575.4463,633.1928491,605.9453244,2020-01-15,2020-01-15 10:30:00
1195,582.9123,620.6710362,631.5380867,2020-01-15,2020-01-15 10:45:00
1196,566.26276,597.5620527,567.7322949,2020-01-15,2020-01-15 11:00:00
1197,525.90784,593.3530046,528.3619502,2020-01-15,2020-01-15 11:15:00
1198,505.7401,589.0110767,440.3270294,2020-01-15,2020-01-15 11:30:00
1199,495.03128,596.7135677,448.1350371,2020-01-15,2020-01-15 11:45:00
1200,485.2276,580.5467088,452.1632451,2020-01-15,2020-01-15 12:00:00
1201,453.81326,555.3759324,454.6653131,2020-01-15,2020-01-15 12:15:00
1202,419.9876,541.0648611,459.8256098,2020-01-15,2020-01-15 12:30:00
1203,397.90237,533.5425938,437.7707321,2020-01-15,2020-01-15 12:45:00
1204,382.80173,515.6446117,501.4777275,2020-01-15,2020-01-15 13:00:00
1205,359.62897,500.0052367,459.3815587,2020-01-15,2020-01-15 13:15:00
1206,353.2636,451.0295801,421.7114905,2020-01-15,2020-01-15 13:30:00
1207,325.74054,437.7712463,364.096537,2020-01-15,2020-01-15 13:45:00
1208,318.94962,342.3099521,343.3928448,2020-01-15,2020-01-15 14:00:00
1209,300.99185,273.8221305,266.5932412,2020-01-15,2020-01-15 14:15:00
1210,286.18765,247.191917,293.229637,2020-01-15,2020-01-15 14:30:00
1211,277.82993,246.4749051,317.1268457,2020-01-15,2020-01-15 14:45:00
1212,262.818,257.0531047,345.7321332,2020-01-15,2020-01-15 15:00:00
1213,284.79477,241.3763783,337.3282436,2020-01-15,2020-01-15 15:15:00
1214,265.7778,260.3728012,322.2463751,2020-01-15,2020-01-15 15:30:00
1215,263.51523,344.3914508,337.7011858,2020-01-15,2020-01-15 15:45:00
1216,249.16164,412.1751057,379.7224495,2020-01-15,2020-01-15 16:00:00
1217,252.3285,405.9688321,321.6819009,2020-01-15,2020-01-15 16:15:00
1218,261.8178,398.7451989,286.2063547,2020-01-15,2020-01-15 16:30:00
1219,239.64206,391.7634595,202.776094,2020-01-15,2020-01-15 16:45:00
1220,233.52039,375.2669522,171.0591938,2020-01-15,2020-01-15 17:00:00
1221,201.69446,333.8043471,187.7341702,2020-01-15,2020-01-15 17:15:00
1222,191.70631,257.7229558,160.8180831,2020-01-15,2020-01-15 17:30:00
1223,153.09006,183.4555156,181.2933363,2020-01-15,2020-01-15 17:45:00
1224,131.2472,135.1870515,181.4457082,2020-01-15,2020-01-15 18:00:00
1225,104.78492,99.90148711,121.0203482,2020-01-15,2020-01-15 18:15:00
1226,90.63198,88.72061404,101.0123401,2020-01-15,2020-01-15 18:30:00
1227,66.06059,88.90146652,65.14751513,2020-01-15,2020-01-15 18:45:00
1228,56.683926,68.51988815,61.00065311,2020-01-15,2020-01-15 19:00:00
1229,46.5578,42.22718915,61.17008986,2020-01-15,2020-01-15 19:15:00
1230,36.606575,38.58354058,31.57807018,2020-01-15,2020-01-15 19:30:00
1231,31.641113,7.475982533,0.0,2020-01-15,2020-01-15 19:45:00
1232,28.271866,7.488157895,0.0,2020-01-15,2020-01-15 20:00:00
1233,22.369764,7.496052632,0.0,2020-01-15,2020-01-15 20:15:00
1234,19.799656,7.543668122,0.0,2020-01-15,2020-01-15 20:30:00
1235,15.626616,7.58245614,0.0,2020-01-15,2020-01-15 20:45:00
1236,14.994053,7.643231441,0.0,2020-01-15,2020-01-15 21:00:00
1237,9.844623,7.574561404,0.0,2020-01-15,2020-01-15 21:15:00
1238,8.299447,7.549561404,0.0,2020-01-15,2020-01-15 21:30:00
1239,8.641418,7.47860262,2.684070796,2020-01-15,2020-01-15 21:45:00
1240,8.044084,12.90354325,15.81184211,2020-01-15,2020-01-15 22:00:00
1241,9.733847,15.25308543,15.969869,2020-01-15,2020-01-15 22:15:00
1242,8.032474,15.25152838,15.97894737,2020-01-15,2020-01-15 22:30:00
1243,4.021924,15.25081207,15.94298246,2020-01-15,2020-01-15 22:45:00
1244,6.415482,15.27954302,15.92707424,2020-01-15,2020-01-15 23:00:00
1245,3.675139,15.24075691,15.93157895,2020-01-15,2020-01-15 23:15:00
1246,4.2874103,15.25729379,7.729257642,2020-01-15,2020-01-15 23:30:00
1247,5.452049,7.727722772,0.075438596,2020-01-15,2020-01-15 23:45:00
